Order_ID,Cust_ID,Order_Date,Product_Name,Product_Category,Region,Qty,Unit_Price,Rating
INV100000,1268,04/13/2022,Apple Watch,,United Kingdom,1,499.95,4
INV100001,1307,03/12/2023,Apple Watch,Mobiles,Canada,4,,3
INV100002,1569,09/28/2022,OnePlus Nord,Accessories,Australia,2,499.95,1
INV100003,1287,2022-04-17T00:00:00.000000000,HP Pavilion,Laptops,Canada,4,299.49,1
INV100004,1976,2022-03-13T00:00:00.000000000,Apple Watch,,,,,3
INV100005,1104,12/02/2023,Sony Headphones,Accessories,Canada,1,99.99,3
INV100006,1227,2022-01-21T00:00:00.000000000,Sony Headphones,Laptops,United States,,499.95,5
INV100007,1246,2023-09-07T00:00:00.000000000,OnePlus Nord,Smart Home,India,3,499.95,2
INV100008,1699,05/02/2022,Echo Dot,Smart Home,United States,1,1499.99,4
INV100009,1493,2023-04-12T00:00:00.000000000,Fire TV Stick,Laptops,Australia,,,1
INV100010,1082,2022-08-03T00:00:00.000000000,HP Pavilion,Mobiles,Germany,,1099.0,4
INV100011,1185,11/27/2022,Redmi Note 12,Laptops,Australia,,499.95,5
INV100012,1251,04/04/2023,MacBook Air,Laptops,India,,299.49,1
INV100013,1354,2022-03-29T00:00:00.000000000,MacBook Air,Mobiles,United Kingdom,2,499.95,5
INV100014,1749,2023-01-08T00:00:00.000000000,MacBook Air,Mobiles,Canada,3,1499.99,5
INV100015,1871,04/10/2022,Apple Watch,Accessories,Germany,,99.99,
INV100016,1695,2023-10-26T00:00:00.000000000,Echo Dot,Accessories,India,,1499.99,3
INV100017,1795,2022-05-11T00:00:00.000000000,Echo Dot,Mobiles,United States,,499.95,
INV100018,1896,2023-10-24T00:00:00.000000000,HP Pavilion,Smart Home,Canada,4,1099.0,4
INV100019,1937,2022-11-05T00:00:00.000000000,HP Pavilion,Smart Home,Australia,3,499.95,4
INV100020,1209,2022-12-10T00:00:00.000000000,Echo Dot,Laptops,United States,1,,3
INV100021,1815,05/07/2023,OnePlus Nord,,India,3,499.95,
INV100022,1807,02/18/2023,HP Pavilion,Laptops,India,3,1099.0,4
INV100023,1608,2023-01-21T00:00:00.000000000,OnePlus Nord,Laptops,Australia,,,
INV100024,1446,2022-07-11T00:00:00.000000000,iPhone 13,,Germany,3,299.49,3
INV100025,1459,10/04/2022,Sony Headphones,Mobiles,Australia,,,1
INV100026,1967,2022-06-10T00:00:00.000000000,Fire TV Stick,Smart Home,United Kingdom,,1499.99,5
INV100027,1471,2023-04-05T00:00:00.000000000,HP Pavilion,Laptops,United States,,99.99,5
INV100028,1719,11/10/2022,Echo Dot,,Germany,2,1499.99,
INV100029,1369,2022-01-22T00:00:00.000000000,Sony Headphones,Accessories,Canada,,,4
INV100030,1899,2022-09-10T00:00:00.000000000,Sony Headphones,Laptops,,,299.49,
INV100031,1933,2023-07-15T00:00:00.000000000,Samsung Galaxy S21,Smart Home,United Kingdom,1,499.95,
INV100032,1491,2023-04-20T00:00:00.000000000,Echo Dot,Mobiles,Germany,4,,2
INV100033,1922,02/28/2022,Fire TV Stick,Laptops,,3,1499.99,5
INV100034,1136,2023-05-26T00:00:00.000000000,Echo Dot,Laptops,,1,,3
INV100035,1366,11/13/2023,HP Pavilion,,United States,,,
INV100036,1911,04/21/2023,Redmi Note 12,Accessories,India,1,,2
INV100037,1183,2023-12-01T00:00:00.000000000,iPhone 13,Accessories,Canada,2,299.49,2
INV100038,1587,07/09/2022,OnePlus Nord,Mobiles,Australia,4,1099.0,5
INV100039,1286,11/18/2023,Redmi Note 12,Smart Home,United States,,1099.0,5
INV100040,1471,2023-07-17T00:00:00.000000000,iPhone 13,Mobiles,United Kingdom,,,5
INV100041,1374,07/21/2023,Redmi Note 12,Laptops,,3,299.49,3
INV100042,1653,09/01/2022,OnePlus Nord,Laptops,United Kingdom,4,299.49,2
INV100043,1748,2023-05-20T00:00:00.000000000,Apple Watch,Accessories,,2,,4
INV100044,1536,2022-05-11T00:00:00.000000000,Echo Dot,Smart Home,India,,1499.99,3
INV100045,1510,04/30/2023,Redmi Note 12,,India,1,1499.99,1
INV100046,1801,2023-10-09T00:00:00.000000000,HP Pavilion,Smart Home,Canada,3,99.99,
INV100047,1578,01/21/2022,Fire TV Stick,Laptops,Australia,,,5
INV100048,1249,2022-06-16T00:00:00.000000000,MacBook Air,,Canada,,99.99,2
INV100049,1919,2022-10-01T00:00:00.000000000,HP Pavilion,Smart Home,India,2,1499.99,
INV100050,1509,2023-01-23T00:00:00.000000000,OnePlus Nord,Smart Home,India,4,1499.99,3
INV100051,1629,2023-08-24T00:00:00.000000000,Fire TV Stick,,United Kingdom,1,,1
INV100052,1072,2022-11-12T00:00:00.000000000,HP Pavilion,Laptops,India,3,99.99,3
INV100053,1281,2022-01-14T00:00:00.000000000,Sony Headphones,Smart Home,Germany,,99.99,3
INV100054,,08/30/2022,Echo Dot,,,,,4
INV100055,1959,12/12/2022,Fire TV Stick,Laptops,United States,,99.99,
INV100056,1359,2023-07-19T00:00:00.000000000,Sony Headphones,,India,,499.95,4
INV100057,1009,12/06/2022,HP Pavilion,,Canada,1,1499.99,3
INV100058,1210,2022-04-02T00:00:00.000000000,iPhone 13,Smart Home,Australia,4,1099.0,1
INV100059,1834,01/02/2023,Samsung Galaxy S21,Laptops,,2,299.49,2
INV100060,1151,2023-03-31T00:00:00.000000000,iPhone 13,Smart Home,,4,99.99,2
INV100061,1004,03/04/2023,Echo Dot,Mobiles,Australia,4,99.99,
INV100062,1194,05/24/2023,Fire TV Stick,Mobiles,Australia,4,299.49,5
INV100063,1953,2022-02-04T00:00:00.000000000,Fire TV Stick,Laptops,,1,99.99,5
INV100064,1282,2022-07-25T00:00:00.000000000,Echo Dot,,Germany,1,299.49,2
INV100065,1463,2022-03-22T00:00:00.000000000,Sony Headphones,Smart Home,Canada,2,,3
INV100066,1112,07/16/2023,Samsung Galaxy S21,Smart Home,Germany,4,499.95,3
INV100067,1270,01/23/2023,HP Pavilion,Laptops,India,1,499.95,4
INV100068,1162,2022-01-02T00:00:00.000000000,OnePlus Nord,Laptops,United States,2,1499.99,
INV100069,1459,01/25/2023,iPhone 13,Mobiles,Australia,,1099.0,4
INV100070,1104,2023-07-20T00:00:00.000000000,iPhone 13,Accessories,Canada,2,99.99,5
INV100071,1692,2022-04-16T00:00:00.000000000,MacBook Air,Laptops,Australia,4,1099.0,2
INV100072,1555,2023-04-22T00:00:00.000000000,Samsung Galaxy S21,Accessories,Germany,3,,3
INV100073,1281,2023-12-04T00:00:00.000000000,OnePlus Nord,Laptops,United Kingdom,4,499.95,2
INV100074,1686,2023-02-06T00:00:00.000000000,iPhone 13,,India,3,,1
INV100075,1161,2023-12-31T00:00:00.000000000,OnePlus Nord,,United States,2,,2
INV100076,1982,07/10/2023,HP Pavilion,Mobiles,India,,99.99,1
INV100077,1350,06/11/2022,Fire TV Stick,Mobiles,United Kingdom,,,4
INV100078,1433,07/21/2022,OnePlus Nord,Accessories,United States,1,499.95,4
INV100079,1851,09/27/2022,iPhone 13,Laptops,United Kingdom,,1099.0,5
INV100080,1139,2022-09-28T00:00:00.000000000,Sony Headphones,Smart Home,India,,499.95,2
INV100081,1470,2023-04-01T00:00:00.000000000,Samsung Galaxy S21,Mobiles,Germany,2,99.99,2
INV100082,1131,04/07/2023,Echo Dot,Smart Home,,1,499.95,1
INV100083,1086,12/28/2023,Redmi Note 12,Smart Home,India,,299.49,4
INV100084,1687,09/09/2022,Apple Watch,Laptops,India,2,1099.0,1
INV100085,1182,2023-12-03T00:00:00.000000000,Apple Watch,Accessories,India,4,299.49,4
INV100086,1367,2022-10-23T00:00:00.000000000,Redmi Note 12,Laptops,Canada,,299.49,1
INV100087,1128,12/26/2023,OnePlus Nord,Mobiles,United Kingdom,3,1499.99,4
INV100088,,2023-12-21T00:00:00.000000000,Samsung Galaxy S21,Smart Home,United Kingdom,2,99.99,1
INV100089,,2022-12-04T00:00:00.000000000,OnePlus Nord,Laptops,Australia,1,,4
INV100090,1577,02/22/2022,Echo Dot,Laptops,United Kingdom,4,299.49,
INV100091,1669,2022-08-05T00:00:00.000000000,Samsung Galaxy S21,Laptops,Australia,,499.95,1
INV100092,1898,2022-07-07T00:00:00.000000000,Redmi Note 12,Mobiles,Canada,4,,2
INV100093,1377,01/15/2023,OnePlus Nord,Accessories,Germany,,499.95,5
INV100094,1148,05/08/2023,MacBook Air,Laptops,Australia,3,499.95,
INV100095,1984,02/10/2022,iPhone 13,Mobiles,India,4,,
INV100096,1851,06/06/2022,Sony Headphones,Smart Home,Germany,,,1
INV100097,1432,2022-01-15T00:00:00.000000000,Fire TV Stick,,,1,499.95,5
INV100098,1627,2022-03-06T00:00:00.000000000,Sony Headphones,Mobiles,Canada,2,99.99,2
INV100099,1725,06/05/2023,Echo Dot,,United Kingdom,3,1099.0,
INV100100,1468,12/10/2022,OnePlus Nord,Laptops,Australia,,1499.99,2
INV100101,1445,05/09/2022,HP Pavilion,Laptops,India,,1099.0,4
INV100102,1480,10/10/2023,Samsung Galaxy S21,Mobiles,United States,,99.99,5
INV100103,1883,2023-04-17T00:00:00.000000000,OnePlus Nord,,,,1499.99,3
INV100104,1293,03/04/2022,Samsung Galaxy S21,Laptops,United States,3,,4
INV100105,1764,05/19/2022,Fire TV Stick,Smart Home,Germany,4,1499.99,5
INV100106,1142,05/14/2023,MacBook Air,Accessories,United Kingdom,3,499.95,1
INV100107,1249,2023-08-16T00:00:00.000000000,Sony Headphones,Accessories,United States,,1099.0,1
INV100108,1877,01/27/2023,iPhone 13,Laptops,Germany,,1499.99,2
INV100109,1947,2023-11-06T00:00:00.000000000,Fire TV Stick,,Canada,2,499.95,
INV100110,1974,02/23/2023,Fire TV Stick,Laptops,Germany,2,99.99,3
INV100111,1301,2022-10-16T00:00:00.000000000,Sony Headphones,,,3,1499.99,1
INV100112,1024,2023-01-14T00:00:00.000000000,Fire TV Stick,Smart Home,Germany,,499.95,5
INV100113,,05/05/2023,HP Pavilion,,,1,99.99,
INV100114,1983,08/19/2022,HP Pavilion,Laptops,Germany,3,,
INV100115,1888,2022-02-10T00:00:00.000000000,Apple Watch,Smart Home,India,,99.99,5
INV100116,1889,2022-01-28T00:00:00.000000000,Apple Watch,Mobiles,Germany,4,99.99,
INV100117,1900,05/15/2022,HP Pavilion,Accessories,Australia,2,1099.0,1
INV100118,1069,07/20/2022,Redmi Note 12,Laptops,Germany,2,499.95,5
INV100119,1624,2022-02-02T00:00:00.000000000,MacBook Air,Laptops,India,2,1499.99,5
INV100120,1874,2022-02-17T00:00:00.000000000,Samsung Galaxy S21,Laptops,India,1,1099.0,2
INV100121,1111,05/18/2023,MacBook Air,Smart Home,Canada,,299.49,3
INV100122,,2023-02-11T00:00:00.000000000,Echo Dot,Mobiles,,,99.99,2
INV100123,1302,07/28/2023,Fire TV Stick,,United Kingdom,,299.49,3
INV100124,1470,2023-12-29T00:00:00.000000000,iPhone 13,Mobiles,United States,,1099.0,5
INV100125,1963,04/09/2022,Fire TV Stick,Smart Home,United States,1,499.95,
INV100126,1090,11/15/2023,MacBook Air,Laptops,Germany,,1099.0,3
INV100127,1529,12/27/2023,HP Pavilion,Accessories,Canada,3,499.95,5
INV100128,1660,2023-07-01T00:00:00.000000000,Sony Headphones,Laptops,Germany,3,499.95,5
INV100129,1987,09/05/2023,Echo Dot,,United States,,,2
INV100130,1738,04/07/2023,HP Pavilion,Accessories,,4,99.99,2
INV100131,1725,10/05/2023,MacBook Air,Laptops,,2,1099.0,
INV100132,,2022-01-05T00:00:00.000000000,Sony Headphones,Accessories,,1,499.95,4
INV100133,1662,2022-08-06T00:00:00.000000000,iPhone 13,Mobiles,India,4,1099.0,1
INV100134,1191,05/18/2023,MacBook Air,Smart Home,United Kingdom,4,1099.0,4
INV100135,1962,2023-02-02T00:00:00.000000000,Samsung Galaxy S21,Laptops,Canada,,499.95,4
INV100136,1551,2023-01-28T00:00:00.000000000,OnePlus Nord,,India,1,1499.99,
INV100137,1241,2022-07-26T00:00:00.000000000,Sony Headphones,Mobiles,United Kingdom,3,299.49,3
INV100138,1137,01/15/2022,MacBook Air,Laptops,Canada,2,99.99,
INV100139,1344,07/08/2023,HP Pavilion,Mobiles,Canada,3,99.99,
INV100140,1179,04/06/2023,Samsung Galaxy S21,,United States,4,1499.99,5
INV100141,1711,11/22/2023,Redmi Note 12,Laptops,India,2,,5
INV100142,1502,07/29/2023,Sony Headphones,,Canada,,1499.99,5
INV100143,1202,2022-08-29T00:00:00.000000000,Samsung Galaxy S21,Accessories,Australia,4,,1
INV100144,1572,07/18/2023,HP Pavilion,,,3,,3
INV100145,,04/06/2022,MacBook Air,Accessories,Canada,3,1499.99,3
INV100146,1004,2023-04-30T00:00:00.000000000,Fire TV Stick,Laptops,United Kingdom,,99.99,5
INV100147,1889,02/11/2023,iPhone 13,Accessories,United States,3,299.49,4
INV100148,1236,2022-08-19T00:00:00.000000000,Fire TV Stick,Laptops,Germany,1,99.99,1
INV100149,1692,2023-10-17T00:00:00.000000000,OnePlus Nord,Laptops,,4,99.99,4
INV100150,1310,06/20/2022,Samsung Galaxy S21,Smart Home,United States,2,99.99,2
INV100151,1548,2023-06-25T00:00:00.000000000,OnePlus Nord,Laptops,Germany,3,1499.99,3
INV100152,1055,2022-02-05T00:00:00.000000000,iPhone 13,Accessories,India,,1499.99,3
INV100153,1442,2023-06-09T00:00:00.000000000,Samsung Galaxy S21,Smart Home,India,,1499.99,4
INV100154,1236,06/09/2022,Apple Watch,Smart Home,Canada,3,99.99,1
INV100155,1869,11/30/2023,HP Pavilion,Laptops,Australia,1,299.49,3
INV100156,1860,2022-08-31T00:00:00.000000000,Samsung Galaxy S21,,India,,,4
INV100157,1196,03/27/2022,HP Pavilion,,Canada,2,1099.0,
INV100158,1584,08/01/2023,Fire TV Stick,Smart Home,,4,,
INV100159,1570,11/13/2023,Echo Dot,Laptops,United States,,,1
INV100160,1751,2023-07-11T00:00:00.000000000,Sony Headphones,,India,1,1099.0,4
INV100161,1513,07/28/2023,Echo Dot,Laptops,United States,,99.99,
INV100162,1448,2023-10-08T00:00:00.000000000,MacBook Air,Laptops,United States,4,299.49,1
INV100163,1359,2022-01-28T00:00:00.000000000,Sony Headphones,Smart Home,Australia,,299.49,5
INV100164,1699,2023-09-12T00:00:00.000000000,Sony Headphones,Smart Home,India,3,,1
INV100165,1818,2023-07-10T00:00:00.000000000,Redmi Note 12,Mobiles,United States,3,1099.0,2
INV100166,1029,2022-12-06T00:00:00.000000000,Sony Headphones,,Australia,2,499.95,5
INV100167,1778,2022-11-27T00:00:00.000000000,iPhone 13,,Australia,,99.99,4
INV100168,1987,10/02/2023,Echo Dot,,India,3,,5
INV100169,1107,2023-05-21T00:00:00.000000000,Fire TV Stick,Accessories,Australia,3,299.49,5
INV100170,1843,12/14/2022,HP Pavilion,Laptops,India,,1499.99,4
INV100171,1934,04/18/2023,MacBook Air,Smart Home,India,2,1499.99,4
INV100172,,2022-08-19T00:00:00.000000000,Sony Headphones,,Germany,4,1099.0,
INV100173,1716,2022-07-09T00:00:00.000000000,MacBook Air,Mobiles,United States,3,1099.0,2
INV100174,1890,08/13/2022,Fire TV Stick,,United Kingdom,1,,4
INV100175,1967,2023-01-20T00:00:00.000000000,MacBook Air,Laptops,India,1,499.95,3
INV100176,1958,2023-01-12T00:00:00.000000000,Fire TV Stick,Laptops,United States,4,299.49,3
INV100177,1959,2022-10-10T00:00:00.000000000,Sony Headphones,Smart Home,,,,2
INV100178,1444,2023-09-25T00:00:00.000000000,Fire TV Stick,Accessories,Australia,2,499.95,1
INV100179,1892,2023-09-20T00:00:00.000000000,Sony Headphones,Smart Home,Canada,,1099.0,1
INV100180,,2022-09-16T00:00:00.000000000,Redmi Note 12,,India,1,1499.99,3
INV100181,1731,2022-12-25T00:00:00.000000000,Redmi Note 12,Mobiles,Australia,1,99.99,4
INV100182,1889,2023-12-11T00:00:00.000000000,Fire TV Stick,Smart Home,Australia,4,1499.99,2
INV100183,1605,2023-04-01T00:00:00.000000000,Redmi Note 12,Accessories,Australia,,299.49,1
INV100184,1456,2023-02-15T00:00:00.000000000,HP Pavilion,Smart Home,Australia,,299.49,1
INV100185,1614,10/11/2023,HP Pavilion,Laptops,Australia,4,1499.99,5
INV100186,1734,11/14/2022,Redmi Note 12,,India,1,1499.99,3
INV100187,,11/08/2023,Redmi Note 12,,,2,499.95,4
INV100188,1980,08/13/2022,Apple Watch,,United Kingdom,1,,2
INV100189,1695,2022-08-22T00:00:00.000000000,Apple Watch,,Germany,,1099.0,1
INV100190,1494,2023-11-15T00:00:00.000000000,Sony Headphones,,Australia,,499.95,5
INV100191,1673,2023-10-26T00:00:00.000000000,Fire TV Stick,,Australia,1,99.99,3
INV100192,1246,01/09/2023,OnePlus Nord,Mobiles,Germany,2,1499.99,3
INV100193,1542,2023-11-03T00:00:00.000000000,OnePlus Nord,Accessories,,3,99.99,2
INV100194,1563,2023-08-31T00:00:00.000000000,Redmi Note 12,,,1,99.99,1
INV100195,1856,2023-04-17T00:00:00.000000000,MacBook Air,Accessories,India,4,499.95,2
INV100196,1587,2022-08-21T00:00:00.000000000,Redmi Note 12,,United States,3,1099.0,2
INV100197,1896,2023-11-23T00:00:00.000000000,Apple Watch,Smart Home,Canada,4,299.49,
INV100198,1438,04/23/2022,Sony Headphones,,Canada,4,,5
INV100199,,2023-05-12T00:00:00.000000000,Redmi Note 12,Laptops,United States,4,299.49,3
INV100200,1551,03/18/2023,Echo Dot,Mobiles,India,1,1099.0,
INV100201,1612,07/18/2023,MacBook Air,Smart Home,Canada,,299.49,4
INV100202,1110,2022-09-25T00:00:00.000000000,Echo Dot,Smart Home,,3,1499.99,3
INV100203,1384,05/25/2023,Sony Headphones,Laptops,Germany,2,1499.99,3
INV100204,1832,2023-01-21T00:00:00.000000000,Sony Headphones,,United States,,499.95,5
INV100205,1760,01/22/2023,HP Pavilion,Mobiles,,1,99.99,4
INV100206,1190,2022-04-23T00:00:00.000000000,Samsung Galaxy S21,Smart Home,United Kingdom,4,1099.0,1
INV100207,1489,09/05/2023,Echo Dot,Mobiles,India,2,1099.0,4
INV100208,1693,2023-09-17T00:00:00.000000000,HP Pavilion,Smart Home,United States,3,299.49,1
INV100209,1425,2022-03-22T00:00:00.000000000,Apple Watch,,Canada,,499.95,4
,1404,11/30/2023,iPhone 13,Smart Home,India,,299.49,2
INV100211,1334,2022-04-23T00:00:00.000000000,MacBook Air,Smart Home,Germany,,299.49,4
INV100212,1208,2022-01-02T00:00:00.000000000,iPhone 13,Accessories,India,2,1099.0,
INV100213,1021,10/04/2023,Fire TV Stick,,India,1,299.49,
INV100214,1677,08/08/2022,Apple Watch,Laptops,Germany,3,99.99,5
INV100215,1610,07/20/2023,Apple Watch,Laptops,Australia,2,299.49,1
INV100216,1207,2022-08-13T00:00:00.000000000,iPhone 13,,Germany,4,99.99,3
INV100217,1007,2023-01-20T00:00:00.000000000,Echo Dot,Laptops,,3,1099.0,5
INV100218,1701,2023-02-07T00:00:00.000000000,Samsung Galaxy S21,,India,,499.95,
INV100219,1686,09/30/2023,Echo Dot,Laptops,Germany,2,1499.99,
INV100220,1784,05/10/2022,iPhone 13,Accessories,Australia,,99.99,1
INV100221,1528,2022-02-22T00:00:00.000000000,Fire TV Stick,Laptops,,,499.95,
INV100222,1601,11/15/2023,Echo Dot,Smart Home,United States,,499.95,
INV100223,1652,12/31/2023,OnePlus Nord,,Germany,1,99.99,1
INV100224,1656,2023-11-03T00:00:00.000000000,Echo Dot,Mobiles,Germany,,1099.0,
INV100225,,2023-12-11T00:00:00.000000000,Sony Headphones,Mobiles,India,4,,3
INV100226,1848,2023-02-20T00:00:00.000000000,HP Pavilion,,,4,499.95,2
INV100227,1495,2022-09-04T00:00:00.000000000,MacBook Air,Accessories,United States,3,499.95,5
INV100228,1589,2023-03-15T00:00:00.000000000,Echo Dot,Laptops,United Kingdom,,1099.0,3
INV100229,1428,2022-07-22T00:00:00.000000000,Samsung Galaxy S21,Accessories,United Kingdom,,1099.0,3
INV100230,1773,07/03/2022,Samsung Galaxy S21,Mobiles,Canada,,299.49,2
INV100231,1162,05/03/2022,Echo Dot,,Germany,2,1099.0,5
INV100232,1365,02/05/2023,Redmi Note 12,,Germany,1,499.95,3
INV100233,1525,10/21/2022,Apple Watch,Accessories,United States,,99.99,
INV100234,1238,2022-10-07T00:00:00.000000000,Echo Dot,Accessories,Australia,3,,2
INV100235,1071,09/02/2023,Apple Watch,Laptops,United Kingdom,,299.49,5
INV100236,1444,07/17/2022,OnePlus Nord,Smart Home,Canada,,99.99,4
INV100237,1654,05/26/2023,iPhone 13,Smart Home,United States,2,,1
INV100238,1821,05/24/2022,OnePlus Nord,Laptops,Germany,1,,
INV100239,1508,2023-09-01T00:00:00.000000000,Echo Dot,Smart Home,United Kingdom,3,,2
INV100240,1794,07/20/2022,Samsung Galaxy S21,Mobiles,,,1499.99,1
INV100241,1268,2022-05-04T00:00:00.000000000,Redmi Note 12,Smart Home,Canada,3,99.99,4
INV100242,1752,07/06/2022,Fire TV Stick,Laptops,India,,299.49,3
INV100243,1414,2022-11-22T00:00:00.000000000,Apple Watch,Smart Home,United Kingdom,3,299.49,3
INV100244,1244,2023-04-09T00:00:00.000000000,HP Pavilion,,Canada,2,,5
INV100245,1674,12/15/2022,Apple Watch,Accessories,United States,3,99.99,2
INV100246,1059,2023-10-22T00:00:00.000000000,Sony Headphones,Mobiles,India,4,1499.99,2
INV100247,1005,02/07/2023,MacBook Air,,Canada,2,,5
INV100248,1708,12/12/2022,Echo Dot,,Canada,,1099.0,1
INV100249,,2023-05-26T00:00:00.000000000,OnePlus Nord,Laptops,Germany,1,299.49,3
INV100250,1569,05/27/2022,HP Pavilion,Accessories,Australia,1,499.95,3
INV100251,1816,05/28/2022,Samsung Galaxy S21,Accessories,United Kingdom,,,2
INV100252,1406,2023-12-12T00:00:00.000000000,Samsung Galaxy S21,Mobiles,Germany,,1099.0,2
INV100253,1216,05/04/2023,Samsung Galaxy S21,Laptops,,4,299.49,5
INV100254,1929,2023-10-02T00:00:00.000000000,Fire TV Stick,Mobiles,India,,1499.99,4
INV100255,1025,07/05/2023,Sony Headphones,Smart Home,Australia,1,99.99,1
INV100256,1814,2022-12-04T00:00:00.000000000,Samsung Galaxy S21,,Canada,1,299.49,
INV100257,1004,2023-10-03T00:00:00.000000000,Samsung Galaxy S21,Mobiles,Germany,1,99.99,4
INV100258,1985,2023-04-18T00:00:00.000000000,Echo Dot,,Australia,1,99.99,4
INV100259,1531,2022-05-31T00:00:00.000000000,Sony Headphones,Laptops,,3,1499.99,2
INV100260,1389,02/19/2023,Redmi Note 12,Smart Home,United Kingdom,,1499.99,2
INV100261,1709,2022-10-25T00:00:00.000000000,Redmi Note 12,Laptops,,2,,2
INV100262,1570,09/03/2023,Sony Headphones,Smart Home,India,2,,4
INV100263,1447,09/20/2022,MacBook Air,Smart Home,United States,4,299.49,1
INV100264,1753,05/24/2022,Fire TV Stick,,Germany,3,1499.99,2
INV100265,,2022-12-12T00:00:00.000000000,HP Pavilion,Laptops,India,1,1099.0,3
INV100266,1387,09/16/2023,Apple Watch,Laptops,United States,1,299.49,1
INV100267,1784,2023-07-26T00:00:00.000000000,Echo Dot,Mobiles,Germany,,499.95,3
INV100268,1248,2022-01-02T00:00:00.000000000,iPhone 13,Laptops,India,,99.99,1
INV100269,1525,2022-10-31T00:00:00.000000000,Redmi Note 12,Mobiles,,4,99.99,2
INV100270,1461,09/11/2022,Sony Headphones,Accessories,India,1,,
INV100271,1012,2023-10-14T00:00:00.000000000,HP Pavilion,Accessories,Australia,4,1099.0,5
INV100272,1902,03/29/2023,Sony Headphones,Accessories,,3,1499.99,2
INV100273,1383,02/06/2022,Apple Watch,Laptops,Germany,2,1499.99,4
INV100274,1555,06/09/2022,HP Pavilion,Laptops,India,1,,
INV100275,1886,01/09/2022,Redmi Note 12,Mobiles,Canada,,499.95,4
INV100276,1398,2022-08-21T00:00:00.000000000,Samsung Galaxy S21,Smart Home,Germany,3,299.49,1
INV100277,1018,2022-04-09T00:00:00.000000000,Sony Headphones,Mobiles,India,1,299.49,4
INV100278,1574,10/21/2023,iPhone 13,Accessories,Australia,,1099.0,
INV100279,1490,07/27/2022,Redmi Note 12,Mobiles,United States,,,
,1750,05/11/2022,OnePlus Nord,Smart Home,United States,4,,2
INV100281,1418,02/08/2023,iPhone 13,Laptops,Canada,,499.95,3
INV100282,1336,2022-06-01T00:00:00.000000000,MacBook Air,Mobiles,Germany,2,299.49,2
INV100283,1418,02/23/2022,Fire TV Stick,Accessories,Australia,,,1
INV100284,1914,04/30/2022,Redmi Note 12,Accessories,India,1,1499.99,4
INV100285,1915,11/04/2023,Samsung Galaxy S21,Laptops,India,,1099.0,3
INV100286,1611,2023-09-20T00:00:00.000000000,Redmi Note 12,Mobiles,United States,,299.49,5
INV100287,1674,2023-08-10T00:00:00.000000000,Apple Watch,Smart Home,Australia,1,499.95,
INV100288,1927,2023-09-17T00:00:00.000000000,HP Pavilion,Laptops,,2,1099.0,3
INV100289,1121,2023-02-24T00:00:00.000000000,Sony Headphones,Mobiles,Canada,,99.99,3
INV100290,1431,2023-02-26T00:00:00.000000000,HP Pavilion,,United States,,1499.99,2
INV100291,1043,04/14/2022,HP Pavilion,Accessories,United States,4,499.95,5
INV100292,1871,2022-09-11T00:00:00.000000000,Redmi Note 12,Smart Home,Canada,4,1099.0,
INV100293,1919,2022-08-15T00:00:00.000000000,Apple Watch,Smart Home,Germany,,,1
INV100294,1316,2022-04-22T00:00:00.000000000,Sony Headphones,Smart Home,India,4,99.99,1
INV100295,1380,2023-05-25T00:00:00.000000000,Sony Headphones,Accessories,Germany,,499.95,3
INV100296,1144,2023-04-18T00:00:00.000000000,HP Pavilion,Mobiles,Australia,,,3
INV100297,1326,2022-04-09T00:00:00.000000000,MacBook Air,Laptops,,,1499.99,4
INV100298,1362,2022-06-02T00:00:00.000000000,Fire TV Stick,Mobiles,United Kingdom,,99.99,5
INV100299,1049,2022-12-04T00:00:00.000000000,Apple Watch,Laptops,United Kingdom,1,299.49,
INV100300,1064,2023-12-07T00:00:00.000000000,MacBook Air,Smart Home,United Kingdom,2,,3
INV100301,,2022-06-12T00:00:00.000000000,Echo Dot,Mobiles,Canada,4,1099.0,4
INV100302,1799,12/21/2023,Echo Dot,Smart Home,United States,1,499.95,5
INV100303,1163,2023-11-12T00:00:00.000000000,iPhone 13,,,,99.99,
INV100304,1140,06/10/2022,HP Pavilion,Smart Home,Germany,4,,1
INV100305,1965,2023-08-03T00:00:00.000000000,Sony Headphones,Smart Home,India,1,299.49,4
INV100306,1825,2023-02-02T00:00:00.000000000,Redmi Note 12,Laptops,United Kingdom,,499.95,5
INV100307,1127,2022-10-04T00:00:00.000000000,Sony Headphones,,Germany,,499.95,4
INV100308,1397,05/19/2023,Sony Headphones,Smart Home,United Kingdom,,,3
INV100309,1932,01/27/2023,Samsung Galaxy S21,Smart Home,,4,299.49,2
INV100310,1879,05/15/2022,Sony Headphones,,United Kingdom,,1499.99,1
INV100311,1462,2022-07-14T00:00:00.000000000,iPhone 13,,India,4,1499.99,3
INV100312,1750,02/05/2023,MacBook Air,Mobiles,Australia,3,99.99,3
INV100313,1835,10/02/2023,Echo Dot,Laptops,Australia,1,,5
INV100314,1807,02/02/2022,Sony Headphones,,,3,99.99,4
INV100315,1186,2023-11-19T00:00:00.000000000,Sony Headphones,,Australia,1,1499.99,1
INV100316,1719,2023-04-05T00:00:00.000000000,Samsung Galaxy S21,Accessories,Canada,2,499.95,3
INV100317,1731,04/15/2023,Apple Watch,,United States,,99.99,5
INV100318,1911,01/10/2023,Redmi Note 12,Laptops,Canada,4,299.49,1
INV100319,1189,2022-01-22T00:00:00.000000000,Apple Watch,Smart Home,Germany,2,1099.0,4
INV100320,1387,2023-11-01T00:00:00.000000000,Redmi Note 12,Smart Home,Canada,2,1499.99,3
INV100321,1428,2022-02-07T00:00:00.000000000,Fire TV Stick,Smart Home,Germany,,1499.99,
INV100322,1857,08/18/2022,Sony Headphones,Smart Home,Germany,,299.49,3
INV100323,1283,2022-12-31T00:00:00.000000000,Samsung Galaxy S21,Accessories,United States,1,99.99,3
INV100324,1863,07/17/2023,OnePlus Nord,,India,3,,1
INV100325,1236,2023-03-14T00:00:00.000000000,HP Pavilion,Smart Home,,,499.95,1
INV100326,1193,2022-10-10T00:00:00.000000000,Echo Dot,Mobiles,United States,1,1099.0,1
INV100327,1286,01/27/2022,MacBook Air,Smart Home,,,,1
INV100328,,08/14/2022,Echo Dot,,Australia,2,,5
INV100329,1757,2022-10-04T00:00:00.000000000,MacBook Air,Smart Home,Australia,,299.49,2
INV100330,1135,2023-09-01T00:00:00.000000000,Fire TV Stick,Accessories,Canada,3,99.99,5
INV100331,1791,2022-10-11T00:00:00.000000000,Apple Watch,Laptops,Germany,1,1499.99,3
INV100332,1782,2023-04-26T00:00:00.000000000,iPhone 13,Laptops,United Kingdom,,1499.99,5
INV100333,1170,2023-03-29T00:00:00.000000000,Sony Headphones,,United Kingdom,3,299.49,4
INV100334,1158,2023-10-21T00:00:00.000000000,OnePlus Nord,Laptops,,3,99.99,
INV100335,1200,05/31/2023,MacBook Air,Laptops,Germany,1,299.49,1
INV100336,1486,2023-07-01T00:00:00.000000000,HP Pavilion,Mobiles,,,1499.99,4
INV100337,1556,07/11/2022,MacBook Air,,United States,3,,
INV100338,1961,02/18/2022,iPhone 13,,India,,499.95,4
INV100339,1775,2023-05-27T00:00:00.000000000,Echo Dot,Laptops,United States,4,99.99,3
INV100340,1582,01/17/2022,Samsung Galaxy S21,Laptops,Germany,4,1099.0,1
INV100341,1503,06/21/2022,Echo Dot,Laptops,Germany,4,1099.0,4
INV100342,1875,08/08/2022,Fire TV Stick,Accessories,India,,,3
INV100343,1370,2022-06-07T00:00:00.000000000,Samsung Galaxy S21,Smart Home,,3,299.49,1
INV100344,1102,04/22/2023,Echo Dot,Accessories,Canada,1,299.49,2
INV100345,1124,02/15/2022,HP Pavilion,,Canada,1,1499.99,3
INV100346,1312,01/08/2023,Echo Dot,Mobiles,India,,,5
INV100347,1975,06/02/2023,HP Pavilion,Smart Home,Canada,1,1499.99,1
INV100348,1994,04/09/2022,HP Pavilion,Mobiles,United Kingdom,4,1499.99,4
INV100349,1797,02/06/2022,Samsung Galaxy S21,,Canada,3,1099.0,
INV100350,1457,2022-10-07T00:00:00.000000000,Apple Watch,,Canada,1,1499.99,4
INV100351,1229,12/15/2022,Redmi Note 12,Mobiles,Canada,1,1499.99,5
INV100352,1657,05/12/2023,Sony Headphones,Mobiles,United Kingdom,2,1099.0,5
INV100353,1881,10/29/2022,MacBook Air,Mobiles,,2,299.49,4
INV100354,1196,06/30/2022,Redmi Note 12,,Canada,2,99.99,
INV100355,1884,2023-08-30T00:00:00.000000000,iPhone 13,Laptops,Australia,3,499.95,1
INV100356,1732,2022-04-09T00:00:00.000000000,Apple Watch,Mobiles,United Kingdom,4,1499.99,3
INV100357,1422,12/01/2023,Redmi Note 12,Smart Home,India,,99.99,5
INV100358,1571,04/26/2022,Samsung Galaxy S21,,United States,4,1099.0,5
INV100359,1609,07/10/2022,iPhone 13,Accessories,India,4,99.99,5
INV100360,1170,2022-09-10T00:00:00.000000000,OnePlus Nord,Accessories,United States,3,499.95,
INV100361,1381,2022-06-10T00:00:00.000000000,Apple Watch,Smart Home,India,3,99.99,2
INV100362,1172,2022-09-13T00:00:00.000000000,Redmi Note 12,Laptops,Australia,2,99.99,
INV100363,1662,11/19/2022,iPhone 13,Mobiles,United States,1,99.99,1
INV100364,1452,2022-05-08T00:00:00.000000000,OnePlus Nord,,United States,,99.99,1
INV100365,,01/18/2022,Echo Dot,Mobiles,Germany,,,1
INV100366,1901,07/20/2023,iPhone 13,,United States,,1499.99,1
INV100367,1951,07/24/2023,Samsung Galaxy S21,Accessories,United States,1,1099.0,1
INV100368,1633,11/19/2022,Echo Dot,Mobiles,Germany,,499.95,4
INV100369,1493,2023-11-17T00:00:00.000000000,Samsung Galaxy S21,Smart Home,Canada,2,1099.0,5
INV100370,1619,2023-09-18T00:00:00.000000000,Redmi Note 12,Laptops,Canada,,,
INV100371,1003,10/15/2022,Sony Headphones,Smart Home,Germany,1,,4
INV100372,,2023-10-25T00:00:00.000000000,Redmi Note 12,Laptops,United Kingdom,1,,
INV100373,1918,2023-10-01T00:00:00.000000000,Echo Dot,Mobiles,United States,,1499.99,2
INV100374,1005,2022-06-04T00:00:00.000000000,HP Pavilion,Mobiles,United States,2,,3
INV100375,1287,2023-05-05T00:00:00.000000000,Redmi Note 12,Laptops,Germany,3,99.99,5
INV100376,1617,2023-01-21T00:00:00.000000000,Echo Dot,Accessories,Germany,,1099.0,2
INV100377,1145,2022-04-14T00:00:00.000000000,iPhone 13,,United Kingdom,,299.49,4
INV100378,1782,2023-01-28T00:00:00.000000000,Fire TV Stick,Smart Home,Australia,,499.95,3
INV100379,1423,09/03/2022,Redmi Note 12,Smart Home,Canada,,,2
INV100380,1889,06/25/2022,iPhone 13,Smart Home,India,3,1099.0,
INV100381,1607,2022-02-08T00:00:00.000000000,Samsung Galaxy S21,Mobiles,Australia,2,,3
INV100382,1456,04/22/2023,Apple Watch,Smart Home,,1,1499.99,
INV100383,1740,2023-11-13T00:00:00.000000000,Sony Headphones,,Canada,4,,2
INV100384,1201,06/22/2023,Samsung Galaxy S21,,United States,,,4
INV100385,1211,02/12/2023,Samsung Galaxy S21,Laptops,,4,,
INV100386,1005,06/09/2023,Echo Dot,Mobiles,Australia,2,,3
INV100387,1623,05/21/2023,HP Pavilion,,Germany,4,499.95,2
INV100388,1375,2022-02-05T00:00:00.000000000,MacBook Air,Accessories,United Kingdom,,1099.0,
INV100389,1890,2023-11-16T00:00:00.000000000,Fire TV Stick,Mobiles,Canada,3,1499.99,4
INV100390,1446,2022-01-20T00:00:00.000000000,HP Pavilion,Mobiles,United Kingdom,4,,5
INV100391,1834,2022-11-17T00:00:00.000000000,Echo Dot,,,2,,4
INV100392,1105,05/27/2023,Sony Headphones,Accessories,Canada,2,,4
INV100393,1650,2023-02-04T00:00:00.000000000,Fire TV Stick,Laptops,Australia,3,,5
INV100394,1810,2023-10-16T00:00:00.000000000,Fire TV Stick,,United States,4,99.99,4
INV100395,1400,2023-04-16T00:00:00.000000000,Echo Dot,Accessories,India,4,99.99,5
INV100396,1095,05/23/2022,OnePlus Nord,Mobiles,United Kingdom,1,299.49,5
INV100397,1387,2022-04-02T00:00:00.000000000,Samsung Galaxy S21,Accessories,United Kingdom,,,
INV100398,1958,12/20/2022,Apple Watch,Mobiles,India,2,299.49,
INV100399,1451,2023-12-28T00:00:00.000000000,OnePlus Nord,,United Kingdom,1,499.95,5
INV100400,1848,2022-02-20T00:00:00.000000000,Echo Dot,,United Kingdom,2,299.49,2
INV100401,1808,10/27/2023,OnePlus Nord,Smart Home,Canada,1,1099.0,3
INV100402,1978,2023-11-29T00:00:00.000000000,Apple Watch,Smart Home,Canada,,99.99,2
INV100403,1900,2023-07-29T00:00:00.000000000,Echo Dot,Smart Home,India,1,99.99,5
INV100404,1415,07/09/2022,Echo Dot,,,2,,3
INV100405,1725,2022-05-05T00:00:00.000000000,Fire TV Stick,Laptops,United States,4,,
INV100406,1503,2022-05-30T00:00:00.000000000,OnePlus Nord,,Australia,2,499.95,3
INV100407,1453,11/10/2022,iPhone 13,Accessories,Australia,,1499.99,5
INV100408,,07/24/2023,Redmi Note 12,,,3,499.95,
INV100409,1533,12/08/2022,Echo Dot,,United Kingdom,3,1099.0,3
INV100410,,11/01/2022,OnePlus Nord,Mobiles,United States,,,3
INV100411,1979,11/23/2023,MacBook Air,Mobiles,India,3,,2
INV100412,1149,2023-11-13T00:00:00.000000000,Sony Headphones,Mobiles,,3,499.95,3
INV100413,1879,02/23/2022,MacBook Air,,India,,499.95,5
INV100414,1758,03/20/2023,OnePlus Nord,Laptops,Canada,4,499.95,1
INV100415,1778,2023-09-05T00:00:00.000000000,Samsung Galaxy S21,Accessories,United Kingdom,4,99.99,1
INV100416,1972,2022-09-21T00:00:00.000000000,Samsung Galaxy S21,Accessories,Germany,2,299.49,1
INV100417,1762,02/22/2022,OnePlus Nord,Laptops,India,,299.49,5
INV100418,1514,07/26/2023,Fire TV Stick,Laptops,,1,,1
INV100419,1392,09/12/2023,Fire TV Stick,Accessories,United Kingdom,2,99.99,2
INV100420,1315,2022-01-05T00:00:00.000000000,Echo Dot,Smart Home,United States,2,499.95,5
INV100421,1075,04/13/2022,Apple Watch,Mobiles,,2,,
INV100422,1598,2022-07-15T00:00:00.000000000,Redmi Note 12,Mobiles,Canada,2,99.99,5
INV100423,1269,2022-12-16T00:00:00.000000000,Echo Dot,Accessories,Australia,4,1099.0,5
INV100424,1224,02/16/2022,MacBook Air,Laptops,United States,1,1499.99,3
INV100425,1529,2023-10-18T00:00:00.000000000,Redmi Note 12,Smart Home,India,2,99.99,3
INV100426,1112,2022-09-26T00:00:00.000000000,MacBook Air,Accessories,India,4,,3
INV100427,1250,01/05/2023,Fire TV Stick,Mobiles,United States,2,299.49,4
INV100428,1232,2023-09-28T00:00:00.000000000,OnePlus Nord,,India,3,499.95,2
INV100429,1840,2022-04-16T00:00:00.000000000,Apple Watch,Laptops,,2,1499.99,5
INV100430,1790,2023-11-01T00:00:00.000000000,MacBook Air,,United Kingdom,,1099.0,5
INV100431,1713,2023-10-21T00:00:00.000000000,Fire TV Stick,Accessories,India,,1499.99,3
INV100432,1082,2023-10-19T00:00:00.000000000,Apple Watch,Mobiles,Canada,2,1499.99,5
INV100433,1124,2022-04-30T00:00:00.000000000,Echo Dot,Smart Home,United Kingdom,,99.99,
INV100434,1174,2023-08-27T00:00:00.000000000,OnePlus Nord,,,3,,5
INV100435,1068,2022-02-27T00:00:00.000000000,Sony Headphones,Smart Home,Germany,1,,1
INV100436,1046,2022-12-12T00:00:00.000000000,Samsung Galaxy S21,Mobiles,India,2,1499.99,
INV100437,1883,2023-04-19T00:00:00.000000000,HP Pavilion,,India,1,499.95,
INV100438,,04/27/2022,Apple Watch,Smart Home,Canada,3,,5
INV100439,1726,05/07/2022,Sony Headphones,Smart Home,,2,1499.99,4
INV100440,1029,01/28/2023,Sony Headphones,,Canada,,,3
INV100441,1280,10/03/2023,Apple Watch,Mobiles,Australia,4,499.95,2
INV100442,1923,02/27/2022,Sony Headphones,Smart Home,,,1099.0,2
INV100443,1993,2023-09-26T00:00:00.000000000,MacBook Air,Accessories,United States,,1499.99,1
INV100444,1236,05/28/2023,Sony Headphones,,United States,4,299.49,2
INV100445,1247,2022-04-06T00:00:00.000000000,Fire TV Stick,Laptops,United States,4,299.49,2
INV100446,1367,09/30/2023,Redmi Note 12,Laptops,Canada,,1499.99,3
INV100447,1494,2022-04-28T00:00:00.000000000,MacBook Air,Mobiles,United States,4,99.99,3
INV100448,1024,2023-07-14T00:00:00.000000000,Sony Headphones,Accessories,,2,1099.0,4
INV100449,1585,08/24/2023,Echo Dot,Smart Home,United States,1,99.99,1
INV100450,1717,2023-05-03T00:00:00.000000000,Samsung Galaxy S21,Laptops,Germany,,299.49,2
INV100451,1489,08/25/2022,OnePlus Nord,Mobiles,United States,,499.95,4
INV100452,1493,2022-09-29T00:00:00.000000000,Sony Headphones,Accessories,India,1,1499.99,1
INV100453,1313,07/08/2022,iPhone 13,Accessories,Australia,,,
INV100454,1605,2023-12-05T00:00:00.000000000,Samsung Galaxy S21,Mobiles,Canada,4,299.49,2
INV100455,1374,03/23/2023,Echo Dot,Mobiles,United Kingdom,,1099.0,2
INV100456,,2023-08-04T00:00:00.000000000,Fire TV Stick,Smart Home,Australia,3,299.49,3
INV100457,1936,2022-09-04T00:00:00.000000000,Sony Headphones,Mobiles,Germany,4,1099.0,5
INV100458,1024,03/17/2022,Fire TV Stick,Smart Home,Canada,,1099.0,1
INV100459,1333,06/03/2022,Sony Headphones,Smart Home,,,1499.99,2
INV100460,,10/18/2023,HP Pavilion,,Canada,,1099.0,1
,1115,03/11/2023,Redmi Note 12,Accessories,India,2,99.99,4
INV100462,1047,2022-03-27T00:00:00.000000000,Fire TV Stick,Accessories,,2,499.95,4
INV100463,1737,11/28/2023,Redmi Note 12,Accessories,Australia,,299.49,5
INV100464,1777,10/12/2022,Samsung Galaxy S21,,Australia,,499.95,2
INV100465,1098,08/08/2022,HP Pavilion,Smart Home,United States,1,,3
INV100466,1458,2022-03-10T00:00:00.000000000,OnePlus Nord,Smart Home,,1,299.49,2
INV100467,1522,02/16/2022,MacBook Air,Mobiles,India,3,499.95,1
INV100468,1596,04/04/2022,Redmi Note 12,,United States,3,499.95,
INV100469,1404,03/29/2023,HP Pavilion,Mobiles,United States,3,1499.99,4
INV100470,1213,07/23/2022,Redmi Note 12,,Canada,3,1499.99,1
INV100471,1684,2022-08-06T00:00:00.000000000,Apple Watch,Mobiles,Australia,,,5
INV100472,,04/19/2023,Echo Dot,Laptops,United States,,1099.0,4
INV100473,1502,03/08/2023,OnePlus Nord,Accessories,Germany,1,299.49,3
INV100474,1720,2022-12-07T00:00:00.000000000,Echo Dot,Accessories,Germany,2,1499.99,4
INV100475,1447,2023-07-05T00:00:00.000000000,Sony Headphones,Smart Home,Australia,,299.49,
INV100476,1893,09/04/2023,Redmi Note 12,Laptops,Germany,2,,2
INV100477,1575,2022-10-16T00:00:00.000000000,Sony Headphones,Accessories,Canada,4,1499.99,
INV100478,1257,2022-09-11T00:00:00.000000000,iPhone 13,Smart Home,India,,1499.99,
INV100479,1843,12/23/2022,Redmi Note 12,Laptops,United Kingdom,3,1099.0,2
INV100480,1120,2022-01-23T00:00:00.000000000,HP Pavilion,Accessories,United States,3,299.49,4
INV100481,1809,2023-06-06T00:00:00.000000000,OnePlus Nord,Mobiles,United Kingdom,4,299.49,5
INV100482,1977,04/10/2022,Sony Headphones,,India,2,299.49,2
,1053,06/29/2022,Redmi Note 12,Laptops,India,3,1099.0,2
INV100484,1330,08/11/2022,iPhone 13,Smart Home,Canada,2,1499.99,3
INV100485,1783,2023-10-21T00:00:00.000000000,Echo Dot,Laptops,Germany,,,4
INV100486,1240,2023-03-18T00:00:00.000000000,HP Pavilion,Smart Home,Germany,4,299.49,2
INV100487,1754,2023-08-31T00:00:00.000000000,Apple Watch,Laptops,India,2,499.95,5
INV100488,1529,11/21/2022,Redmi Note 12,Smart Home,Canada,,1099.0,1
INV100489,1482,2023-05-31T00:00:00.000000000,Apple Watch,Accessories,Canada,2,99.99,4
INV100490,1186,2022-01-16T00:00:00.000000000,Samsung Galaxy S21,Mobiles,Australia,2,,3
INV100491,1857,12/02/2022,OnePlus Nord,Accessories,,3,499.95,
INV100492,1655,09/15/2022,Redmi Note 12,Mobiles,United States,1,299.49,2
INV100493,1261,2023-05-12T00:00:00.000000000,Fire TV Stick,Accessories,,,99.99,5
INV100494,1952,06/09/2022,iPhone 13,Accessories,Germany,2,,4
INV100495,1363,2023-04-20T00:00:00.000000000,Sony Headphones,Laptops,India,2,1099.0,5
INV100496,1490,10/26/2023,Fire TV Stick,,Australia,2,99.99,5
INV100497,1430,11/21/2023,Samsung Galaxy S21,Smart Home,United Kingdom,1,1499.99,
INV100498,1238,11/06/2023,OnePlus Nord,Smart Home,Germany,,99.99,3
INV100499,,01/15/2023,Echo Dot,Smart Home,United States,4,499.95,4
INV100500,1297,2023-06-29T00:00:00.000000000,HP Pavilion,Mobiles,Canada,3,,2
INV100501,1075,11/22/2023,Apple Watch,Smart Home,India,1,499.95,3
INV100502,1699,2023-03-03T00:00:00.000000000,Samsung Galaxy S21,Smart Home,Germany,,499.95,2
INV100503,1332,2023-09-05T00:00:00.000000000,Sony Headphones,Laptops,United Kingdom,2,299.49,1
INV100504,1899,2022-09-25T00:00:00.000000000,HP Pavilion,Accessories,United States,,1099.0,5
INV100505,1998,07/31/2023,Echo Dot,Smart Home,United States,1,99.99,1
INV100506,1757,2023-02-21T00:00:00.000000000,Sony Headphones,,Australia,1,,5
INV100507,1641,2022-06-17T00:00:00.000000000,iPhone 13,Smart Home,Germany,1,1499.99,
INV100508,1473,02/12/2022,Apple Watch,Mobiles,United Kingdom,4,1099.0,3
INV100509,1826,07/10/2023,Fire TV Stick,Mobiles,United States,,1099.0,2
INV100510,1922,2022-10-12T00:00:00.000000000,Redmi Note 12,Mobiles,India,3,,
INV100511,1282,2023-02-01T00:00:00.000000000,Samsung Galaxy S21,Smart Home,United States,4,1099.0,2
INV100512,1590,01/12/2022,Redmi Note 12,Laptops,United Kingdom,4,299.49,3
INV100513,1071,2023-08-30T00:00:00.000000000,HP Pavilion,,Canada,,1099.0,4
INV100514,1262,2022-10-29T00:00:00.000000000,Redmi Note 12,Smart Home,Canada,4,299.49,1
INV100515,1702,2022-09-10T00:00:00.000000000,Fire TV Stick,Laptops,Australia,1,99.99,1
INV100516,1878,2023-05-14T00:00:00.000000000,MacBook Air,Laptops,Germany,1,99.99,2
INV100517,1886,2022-02-04T00:00:00.000000000,HP Pavilion,Smart Home,United Kingdom,,499.95,2
INV100518,1941,12/28/2023,Apple Watch,Smart Home,Australia,2,299.49,2
INV100519,1574,03/31/2022,Sony Headphones,Laptops,,4,1499.99,3
INV100520,1999,08/28/2023,Apple Watch,Laptops,United States,2,99.99,4
INV100521,1891,2023-08-25T00:00:00.000000000,Redmi Note 12,Laptops,,3,1099.0,1
INV100522,1011,2023-02-22T00:00:00.000000000,OnePlus Nord,Smart Home,United States,1,,
INV100523,1140,04/25/2022,HP Pavilion,Laptops,Canada,,,5
INV100524,1765,2023-09-09T00:00:00.000000000,Sony Headphones,Mobiles,Australia,3,299.49,3
INV100525,1554,2022-07-15T00:00:00.000000000,Echo Dot,Smart Home,Canada,,1499.99,1
INV100526,1016,2023-05-16T00:00:00.000000000,iPhone 13,Mobiles,India,,499.95,4
INV100527,1062,09/18/2023,Apple Watch,Accessories,,1,1099.0,3
INV100528,1252,2023-05-08T00:00:00.000000000,Apple Watch,Smart Home,,3,299.49,
INV100529,1464,03/16/2022,HP Pavilion,Accessories,Canada,,,1
INV100530,1375,02/17/2023,OnePlus Nord,Laptops,India,3,299.49,3
INV100531,1803,01/11/2023,Redmi Note 12,Laptops,United States,,1099.0,1
INV100532,1980,02/24/2023,Redmi Note 12,,Australia,,1499.99,1
INV100533,1519,12/30/2023,HP Pavilion,Laptops,India,,1499.99,4
INV100534,1836,2022-10-04T00:00:00.000000000,Apple Watch,Accessories,Australia,1,99.99,5
INV100535,1089,11/07/2023,Sony Headphones,Laptops,,2,1099.0,4
INV100536,1719,2023-01-29T00:00:00.000000000,iPhone 13,Smart Home,Australia,,99.99,1
INV100537,1803,04/02/2023,HP Pavilion,Laptops,,,99.99,3
INV100538,1795,2022-07-11T00:00:00.000000000,Sony Headphones,,India,,99.99,
INV100539,1629,2023-11-20T00:00:00.000000000,Sony Headphones,Laptops,,,299.49,4
INV100540,,04/09/2022,Echo Dot,Accessories,Germany,1,,5
INV100541,1174,07/02/2023,Fire TV Stick,Accessories,,2,1499.99,1
INV100542,1075,04/06/2022,MacBook Air,Laptops,Canada,,299.49,
INV100543,1612,2023-10-26T00:00:00.000000000,iPhone 13,Accessories,India,4,,4
INV100544,1925,2023-10-25T00:00:00.000000000,Samsung Galaxy S21,Accessories,United States,4,1499.99,4
INV100545,1662,07/09/2022,OnePlus Nord,,Australia,2,1099.0,4
INV100546,1399,2022-02-06T00:00:00.000000000,MacBook Air,Smart Home,United Kingdom,3,1499.99,4
INV100547,1781,01/04/2023,Echo Dot,,India,1,1499.99,
INV100548,1969,11/26/2023,iPhone 13,Mobiles,Canada,2,1499.99,3
INV100549,1070,2023-06-09T00:00:00.000000000,Redmi Note 12,,,4,499.95,5
INV100550,1179,10/06/2022,MacBook Air,Laptops,Australia,,1099.0,5
INV100551,1123,2022-08-05T00:00:00.000000000,Redmi Note 12,Smart Home,Germany,4,299.49,1
INV100552,1380,09/30/2022,OnePlus Nord,Laptops,United States,,299.49,2
INV100553,1292,2022-03-03T00:00:00.000000000,Redmi Note 12,Mobiles,Germany,1,,3
INV100554,1796,08/19/2023,OnePlus Nord,Smart Home,United Kingdom,,299.49,1
INV100555,1194,12/30/2023,iPhone 13,Accessories,India,2,99.99,1
INV100556,1910,2022-12-08T00:00:00.000000000,Apple Watch,,Australia,,1499.99,4
INV100557,1227,02/01/2023,OnePlus Nord,Laptops,India,3,299.49,2
INV100558,1430,2023-11-30T00:00:00.000000000,Sony Headphones,Mobiles,Canada,2,,2
INV100559,1941,2022-01-19T00:00:00.000000000,Samsung Galaxy S21,Accessories,India,1,,3
INV100560,1435,2022-06-26T00:00:00.000000000,Samsung Galaxy S21,,United States,2,99.99,2
INV100561,1786,2023-09-04T00:00:00.000000000,HP Pavilion,Accessories,United Kingdom,3,,1
INV100562,1460,2023-01-31T00:00:00.000000000,Samsung Galaxy S21,,Germany,1,499.95,2
INV100563,1617,2023-03-21T00:00:00.000000000,HP Pavilion,Smart Home,United Kingdom,4,1499.99,2
INV100564,1020,2022-08-21T00:00:00.000000000,Samsung Galaxy S21,Accessories,Australia,3,1499.99,5
INV100565,1063,2022-03-17T00:00:00.000000000,OnePlus Nord,Accessories,India,1,1499.99,1
INV100566,1164,09/22/2022,Sony Headphones,Accessories,Australia,,1099.0,
INV100567,1026,03/31/2023,Apple Watch,Smart Home,Germany,2,299.49,2
INV100568,1310,2023-12-19T00:00:00.000000000,Redmi Note 12,Mobiles,Australia,1,499.95,2
INV100569,1284,01/19/2023,Echo Dot,,Canada,2,299.49,4
INV100570,1659,07/18/2023,Samsung Galaxy S21,Accessories,United Kingdom,,499.95,2
,1280,05/21/2023,Apple Watch,Smart Home,Germany,1,299.49,2
INV100572,1837,01/02/2023,Apple Watch,Mobiles,Germany,4,99.99,5
INV100573,1830,2022-05-24T00:00:00.000000000,OnePlus Nord,,,3,,1
INV100574,1163,2022-03-10T00:00:00.000000000,iPhone 13,Smart Home,Germany,1,,3
INV100575,,04/09/2022,iPhone 13,,,,99.99,1
INV100576,1917,2023-01-31T00:00:00.000000000,Samsung Galaxy S21,Accessories,United States,1,499.95,4
INV100577,1223,2022-01-25T00:00:00.000000000,Echo Dot,Mobiles,,2,1099.0,1
INV100578,,04/14/2023,Samsung Galaxy S21,Smart Home,United Kingdom,,499.95,2
INV100579,1145,2023-04-29T00:00:00.000000000,Samsung Galaxy S21,Mobiles,Australia,1,,4
INV100580,1964,07/19/2023,HP Pavilion,Accessories,,4,1099.0,1
INV100581,,05/31/2022,Sony Headphones,Mobiles,Germany,1,299.49,4
INV100582,1867,2022-05-24T00:00:00.000000000,Sony Headphones,Mobiles,United Kingdom,3,1099.0,3
INV100583,1029,07/23/2023,Echo Dot,Laptops,,1,499.95,1
INV100584,1044,2022-02-08T00:00:00.000000000,HP Pavilion,Mobiles,,,99.99,
INV100585,1786,2022-04-19T00:00:00.000000000,Apple Watch,,Germany,2,299.49,2
INV100586,1470,11/24/2023,HP Pavilion,Smart Home,Canada,1,499.95,4
INV100587,1033,2022-02-11T00:00:00.000000000,Samsung Galaxy S21,Laptops,Canada,4,299.49,
INV100588,1652,2022-07-05T00:00:00.000000000,iPhone 13,Smart Home,,,1099.0,
INV100589,1426,02/02/2023,MacBook Air,Smart Home,Canada,1,,5
INV100590,1829,2022-08-11T00:00:00.000000000,Echo Dot,Accessories,India,1,499.95,4
INV100591,1885,2023-09-26T00:00:00.000000000,Apple Watch,Accessories,Germany,3,99.99,
INV100592,1220,2022-05-13T00:00:00.000000000,OnePlus Nord,Laptops,India,4,1099.0,5
INV100593,,2022-06-12T00:00:00.000000000,MacBook Air,Accessories,United Kingdom,,499.95,
INV100594,1533,08/03/2022,MacBook Air,Accessories,India,,99.99,2
INV100595,1691,2022-08-23T00:00:00.000000000,HP Pavilion,Accessories,United Kingdom,2,499.95,3
INV100596,1947,2023-10-20T00:00:00.000000000,Redmi Note 12,Smart Home,,1,1099.0,5
INV100597,1366,2023-08-11T00:00:00.000000000,MacBook Air,Laptops,United Kingdom,,499.95,3
INV100598,1931,2022-01-09T00:00:00.000000000,Samsung Galaxy S21,Smart Home,United Kingdom,,299.49,4
INV100599,1840,2022-03-15T00:00:00.000000000,Fire TV Stick,,Australia,2,1099.0,2
INV100600,1742,05/07/2023,iPhone 13,Smart Home,India,,499.95,5
INV100601,,2022-09-10T00:00:00.000000000,iPhone 13,,Australia,4,,4
INV100602,1549,2022-08-18T00:00:00.000000000,Fire TV Stick,Mobiles,,4,499.95,
INV100603,1581,2023-06-03T00:00:00.000000000,Sony Headphones,Mobiles,Germany,,299.49,1
INV100604,1115,2022-06-23T00:00:00.000000000,Samsung Galaxy S21,,India,2,99.99,4
INV100605,1238,10/15/2023,OnePlus Nord,,Germany,4,99.99,3
INV100606,1334,06/17/2022,MacBook Air,Smart Home,Germany,,99.99,2
INV100607,1440,06/19/2022,Sony Headphones,,United Kingdom,4,,2
INV100608,1147,01/28/2023,Samsung Galaxy S21,Laptops,India,4,299.49,4
INV100609,1008,2023-09-26T00:00:00.000000000,HP Pavilion,Mobiles,Germany,,1099.0,
INV100610,1287,2022-07-13T00:00:00.000000000,iPhone 13,Mobiles,Canada,,99.99,1
INV100611,,2023-06-01T00:00:00.000000000,Sony Headphones,,Germany,4,299.49,3
INV100612,1049,01/29/2022,Echo Dot,Accessories,Canada,3,499.95,4
INV100613,1849,2022-06-14T00:00:00.000000000,MacBook Air,Accessories,India,,,4
INV100614,1516,02/26/2023,MacBook Air,,,2,299.49,2
INV100615,1915,12/05/2022,OnePlus Nord,Laptops,Australia,,299.49,3
INV100616,1854,2023-10-10T00:00:00.000000000,Redmi Note 12,Accessories,India,,1099.0,1
INV100617,1637,2023-05-11T00:00:00.000000000,Echo Dot,,Australia,2,299.49,2
INV100618,1586,12/31/2022,MacBook Air,Laptops,Australia,2,1099.0,4
,,12/08/2022,Apple Watch,Laptops,India,2,,2
INV100620,1277,05/15/2023,Echo Dot,Smart Home,Germany,2,,2
INV100621,1953,10/19/2023,MacBook Air,Laptops,United States,1,499.95,5
INV100622,1835,2023-05-26T00:00:00.000000000,Fire TV Stick,Accessories,Germany,,1099.0,2
INV100623,1988,11/23/2022,Echo Dot,Accessories,Germany,1,1099.0,
INV100624,1299,2022-08-05T00:00:00.000000000,Samsung Galaxy S21,,,4,99.99,2
INV100625,1801,10/28/2022,Echo Dot,,United Kingdom,4,99.99,
INV100626,1588,05/12/2022,OnePlus Nord,Laptops,United Kingdom,,499.95,3
INV100627,1809,03/11/2022,HP Pavilion,Mobiles,Germany,4,,2
INV100628,1648,09/09/2022,HP Pavilion,Smart Home,Canada,2,1499.99,1
INV100629,1617,02/19/2023,HP Pavilion,Mobiles,,1,99.99,
INV100630,1606,03/21/2023,Samsung Galaxy S21,Laptops,Australia,2,299.49,
INV100631,1134,2022-07-01T00:00:00.000000000,Sony Headphones,Laptops,United Kingdom,4,,4
INV100632,1579,06/16/2022,HP Pavilion,Mobiles,Germany,,1499.99,3
INV100633,1146,2022-04-01T00:00:00.000000000,iPhone 13,Smart Home,,1,299.49,2
INV100634,1489,12/15/2023,Samsung Galaxy S21,Mobiles,United States,2,1099.0,1
INV100635,1477,2023-06-15T00:00:00.000000000,Sony Headphones,,Canada,,,4
INV100636,1158,2022-02-08T00:00:00.000000000,iPhone 13,Accessories,India,2,499.95,3
INV100637,1383,2022-05-06T00:00:00.000000000,iPhone 13,,Germany,,1099.0,
INV100638,1162,2023-03-27T00:00:00.000000000,iPhone 13,Accessories,,4,1099.0,1
INV100639,1440,2022-06-22T00:00:00.000000000,Apple Watch,Laptops,Germany,1,299.49,2
INV100640,1852,2023-10-15T00:00:00.000000000,OnePlus Nord,Smart Home,Australia,,1099.0,5
INV100641,1188,2022-08-08T00:00:00.000000000,OnePlus Nord,Mobiles,Canada,1,99.99,5
INV100642,1414,2023-09-30T00:00:00.000000000,Samsung Galaxy S21,Smart Home,United Kingdom,,,3
INV100643,1338,02/27/2022,iPhone 13,Mobiles,United Kingdom,1,99.99,1
INV100644,1606,10/22/2023,Fire TV Stick,,United Kingdom,4,299.49,4
INV100645,1180,2023-04-21T00:00:00.000000000,Echo Dot,,India,,1499.99,1
INV100646,1287,2023-04-01T00:00:00.000000000,Sony Headphones,Mobiles,,3,299.49,
INV100647,1833,2022-12-27T00:00:00.000000000,OnePlus Nord,Smart Home,Canada,1,,5
INV100648,1186,2022-01-01T00:00:00.000000000,HP Pavilion,Mobiles,Canada,1,1099.0,3
INV100649,1883,2023-01-22T00:00:00.000000000,Samsung Galaxy S21,Laptops,United Kingdom,2,499.95,2
INV100650,1137,12/14/2022,Sony Headphones,,United Kingdom,,299.49,1
INV100651,1129,07/09/2022,Samsung Galaxy S21,Laptops,Australia,,,5
INV100652,1193,05/20/2023,Fire TV Stick,,United States,3,499.95,4
INV100653,1315,07/10/2022,Apple Watch,,United States,4,1099.0,3
INV100654,1983,2023-05-23T00:00:00.000000000,Apple Watch,Accessories,Germany,2,1499.99,2
INV100655,1784,01/04/2023,iPhone 13,Laptops,Germany,3,299.49,1
INV100656,1863,2023-02-13T00:00:00.000000000,Apple Watch,Laptops,Canada,,1499.99,4
INV100657,1143,04/27/2022,Samsung Galaxy S21,Accessories,Canada,3,,2
INV100658,1015,2022-05-14T00:00:00.000000000,HP Pavilion,Smart Home,India,1,1499.99,
INV100659,1301,2022-02-27T00:00:00.000000000,iPhone 13,Laptops,India,1,1499.99,5
INV100660,1422,07/10/2023,MacBook Air,Mobiles,United States,2,,
INV100661,1244,2023-11-16T00:00:00.000000000,Sony Headphones,Accessories,Germany,,,5
INV100662,1926,11/03/2023,Fire TV Stick,Laptops,United States,,299.49,4
INV100663,1106,06/22/2022,iPhone 13,Smart Home,United States,3,1499.99,
INV100664,1087,05/29/2022,Samsung Galaxy S21,Laptops,Germany,2,499.95,5
INV100665,1128,03/21/2022,Sony Headphones,,,,,3
INV100666,1906,08/01/2022,HP Pavilion,Mobiles,India,,1099.0,4
INV100667,1886,2022-07-22T00:00:00.000000000,Redmi Note 12,Accessories,Australia,,1499.99,5
INV100668,1340,2022-08-17T00:00:00.000000000,Fire TV Stick,,Australia,1,,1
INV100669,1003,2023-11-07T00:00:00.000000000,Samsung Galaxy S21,Smart Home,Australia,3,499.95,5
INV100670,1326,08/15/2022,Fire TV Stick,,Germany,4,299.49,
INV100671,1409,2023-10-21T00:00:00.000000000,OnePlus Nord,,United Kingdom,1,1499.99,3
INV100672,1878,06/16/2023,Redmi Note 12,Smart Home,United Kingdom,2,,2
INV100673,1305,03/17/2023,Sony Headphones,,United Kingdom,,,2
INV100674,1907,2023-02-06T00:00:00.000000000,Apple Watch,Accessories,Canada,1,1099.0,5
INV100675,1606,02/16/2022,Samsung Galaxy S21,Laptops,India,4,1099.0,2
INV100676,1720,2022-08-21T00:00:00.000000000,Fire TV Stick,,India,4,1499.99,5
INV100677,1224,2022-11-01T00:00:00.000000000,Sony Headphones,Accessories,,,,3
INV100678,1970,06/10/2023,Apple Watch,Laptops,,2,1499.99,2
INV100679,1347,05/23/2022,HP Pavilion,Laptops,Canada,1,,
INV100680,1991,02/19/2023,HP Pavilion,,United States,3,1099.0,
INV100681,1320,2023-05-28T00:00:00.000000000,Fire TV Stick,Accessories,,1,499.95,1
INV100682,1558,01/08/2023,iPhone 13,,Australia,,99.99,5
INV100683,1987,07/20/2023,OnePlus Nord,Smart Home,United Kingdom,4,99.99,2
INV100684,1180,09/16/2022,iPhone 13,Laptops,Australia,2,,
INV100685,1617,2023-10-18T00:00:00.000000000,OnePlus Nord,,United Kingdom,2,1099.0,3
INV100686,1710,04/16/2023,Samsung Galaxy S21,Laptops,Australia,3,299.49,3
INV100687,1385,01/12/2022,MacBook Air,Accessories,United States,2,299.49,1
INV100688,1617,2022-11-26T00:00:00.000000000,Fire TV Stick,Mobiles,Australia,,99.99,3
INV100689,1791,2022-12-24T00:00:00.000000000,Echo Dot,,Australia,,499.95,3
,1771,02/12/2023,Fire TV Stick,,Germany,,99.99,2
INV100691,1107,10/30/2023,Redmi Note 12,Laptops,Australia,2,,5
INV100692,1530,01/08/2023,Apple Watch,Accessories,Germany,2,499.95,4
INV100693,1409,2022-01-08T00:00:00.000000000,Redmi Note 12,Smart Home,India,,299.49,3
INV100694,1970,05/02/2022,HP Pavilion,Accessories,Canada,2,1099.0,3
INV100695,1295,2022-12-14T00:00:00.000000000,OnePlus Nord,,Australia,2,1099.0,4
INV100696,1817,2023-11-07T00:00:00.000000000,Apple Watch,Smart Home,India,4,,3
INV100697,,2022-03-31T00:00:00.000000000,HP Pavilion,Accessories,,1,99.99,2
INV100698,1330,10/10/2023,Apple Watch,Mobiles,,,,2
INV100699,1492,2023-11-29T00:00:00.000000000,iPhone 13,Laptops,Germany,2,1099.0,4
INV100700,1194,2022-11-12T00:00:00.000000000,HP Pavilion,Accessories,Australia,,299.49,
INV100701,1011,2022-06-27T00:00:00.000000000,iPhone 13,Accessories,Australia,,1099.0,3
INV100702,1194,06/24/2023,iPhone 13,Mobiles,United States,4,499.95,
INV100703,1489,2022-02-10T00:00:00.000000000,Apple Watch,,India,2,1499.99,3
INV100704,1794,12/05/2023,Sony Headphones,Laptops,United Kingdom,,1099.0,5
INV100705,1880,05/17/2023,Redmi Note 12,Accessories,United Kingdom,,1099.0,3
INV100706,,05/25/2022,HP Pavilion,Smart Home,United States,2,1499.99,2
INV100707,1961,2022-07-20T00:00:00.000000000,Echo Dot,Accessories,Germany,3,499.95,1
INV100708,1816,12/25/2023,Sony Headphones,Laptops,United Kingdom,,99.99,1
INV100709,,04/06/2023,Redmi Note 12,Accessories,United Kingdom,3,1099.0,1
INV100710,,07/12/2023,HP Pavilion,Mobiles,,3,,1
INV100711,1315,07/01/2023,OnePlus Nord,Accessories,,,1099.0,
INV100712,1693,2022-09-10T00:00:00.000000000,Redmi Note 12,Accessories,Canada,3,,
INV100713,1029,2023-01-25T00:00:00.000000000,Echo Dot,Smart Home,India,4,499.95,3
INV100714,1595,08/17/2023,Fire TV Stick,Mobiles,Germany,4,1099.0,
INV100715,1677,09/13/2022,Samsung Galaxy S21,Mobiles,Australia,,499.95,3
INV100716,,2023-12-10T00:00:00.000000000,iPhone 13,Accessories,India,2,499.95,5
INV100717,1792,03/26/2023,Samsung Galaxy S21,Smart Home,Germany,1,99.99,3
INV100718,1095,01/10/2022,Sony Headphones,Accessories,United Kingdom,2,1099.0,1
INV100719,1380,2022-08-30T00:00:00.000000000,Fire TV Stick,Accessories,Canada,2,,4
INV100720,1777,2022-09-08T00:00:00.000000000,iPhone 13,Laptops,India,2,,4
INV100721,1443,01/05/2022,HP Pavilion,Laptops,United Kingdom,2,1099.0,2
INV100722,1297,2022-04-29T00:00:00.000000000,Sony Headphones,Smart Home,Germany,,1499.99,2
INV100723,1807,01/09/2023,Echo Dot,,India,1,99.99,3
INV100724,1736,2022-03-06T00:00:00.000000000,Apple Watch,Laptops,Australia,,99.99,4
INV100725,1844,05/26/2022,HP Pavilion,,India,3,99.99,1
INV100726,1360,08/12/2022,Redmi Note 12,Mobiles,United Kingdom,2,,
INV100727,1373,08/27/2022,Apple Watch,Laptops,India,4,499.95,1
INV100728,1553,2022-06-26T00:00:00.000000000,Sony Headphones,Laptops,Australia,,1499.99,1
INV100729,1302,2022-10-09T00:00:00.000000000,Redmi Note 12,Smart Home,Canada,,99.99,3
INV100730,1420,03/04/2022,Echo Dot,,Canada,,,3
INV100731,1245,08/05/2022,Samsung Galaxy S21,Laptops,United Kingdom,,,5
INV100732,1719,2023-11-20T00:00:00.000000000,Redmi Note 12,Laptops,Germany,4,499.95,1
INV100733,1236,04/06/2023,Samsung Galaxy S21,Smart Home,United Kingdom,2,1099.0,1
INV100734,1533,09/02/2023,iPhone 13,Smart Home,Canada,1,1099.0,3
INV100735,1184,2022-04-15T00:00:00.000000000,OnePlus Nord,,United States,3,99.99,3
INV100736,1467,04/09/2022,MacBook Air,Mobiles,United States,,99.99,5
INV100737,1753,2023-05-26T00:00:00.000000000,HP Pavilion,Mobiles,India,3,1499.99,5
INV100738,1362,2023-01-20T00:00:00.000000000,MacBook Air,Accessories,Australia,1,499.95,2
INV100739,1282,02/09/2023,iPhone 13,Laptops,,,99.99,4
INV100740,1552,06/02/2023,Redmi Note 12,,,,499.95,1
INV100741,1335,04/21/2023,iPhone 13,Laptops,,3,,1
INV100742,1161,2023-12-10T00:00:00.000000000,MacBook Air,,India,,99.99,5
INV100743,1159,2023-10-07T00:00:00.000000000,MacBook Air,,United States,1,,5
INV100744,1473,2023-03-13T00:00:00.000000000,HP Pavilion,,Canada,3,299.49,2
INV100745,1600,01/23/2022,Apple Watch,Laptops,India,2,499.95,4
INV100746,1321,2023-07-19T00:00:00.000000000,Fire TV Stick,Smart Home,,,299.49,2
INV100747,1011,2023-11-08T00:00:00.000000000,iPhone 13,Laptops,,1,99.99,4
INV100748,1423,2023-12-15T00:00:00.000000000,OnePlus Nord,,United Kingdom,3,,
INV100749,1072,2023-04-03T00:00:00.000000000,Fire TV Stick,Accessories,,2,99.99,1
INV100750,1587,2022-03-24T00:00:00.000000000,iPhone 13,Mobiles,Australia,2,299.49,2
INV100751,1857,2022-05-25T00:00:00.000000000,Echo Dot,,,1,99.99,5
INV100752,1200,2022-03-26T00:00:00.000000000,Sony Headphones,Accessories,United Kingdom,4,1499.99,2
INV100753,1521,03/19/2022,Sony Headphones,Smart Home,,,1099.0,
INV100754,1863,04/02/2023,MacBook Air,,Australia,1,299.49,2
INV100755,1504,2022-01-01T00:00:00.000000000,Sony Headphones,Accessories,Canada,2,99.99,1
INV100756,,02/20/2022,Samsung Galaxy S21,,India,2,,
INV100757,1687,2023-11-16T00:00:00.000000000,OnePlus Nord,Laptops,Australia,1,99.99,5
INV100758,1787,2023-12-18T00:00:00.000000000,Sony Headphones,Accessories,United Kingdom,4,,5
INV100759,1038,2023-03-22T00:00:00.000000000,Redmi Note 12,Laptops,India,,1099.0,3
INV100760,1059,03/25/2023,Samsung Galaxy S21,Laptops,India,3,99.99,
INV100761,1577,05/03/2023,Fire TV Stick,Accessories,United Kingdom,1,1099.0,3
INV100762,,02/03/2022,Samsung Galaxy S21,Mobiles,United States,,299.49,3
INV100763,1434,2022-12-14T00:00:00.000000000,iPhone 13,Accessories,,,,1
INV100764,1635,2022-04-05T00:00:00.000000000,MacBook Air,Mobiles,Australia,,1499.99,2
INV100765,1675,2022-03-13T00:00:00.000000000,HP Pavilion,,United Kingdom,2,299.49,5
INV100766,1407,07/05/2023,HP Pavilion,,Canada,3,,5
INV100767,1922,2022-06-03T00:00:00.000000000,Echo Dot,Accessories,Germany,1,1099.0,2
INV100768,1385,2022-09-07T00:00:00.000000000,OnePlus Nord,,United Kingdom,2,499.95,5
INV100769,1670,11/05/2023,iPhone 13,Smart Home,,,99.99,2
INV100770,1568,2023-03-14T00:00:00.000000000,HP Pavilion,Laptops,,,1099.0,
INV100771,1077,04/28/2022,MacBook Air,Laptops,India,2,,1
INV100772,1193,11/02/2022,Fire TV Stick,Mobiles,India,4,,1
INV100773,1284,2022-09-25T00:00:00.000000000,HP Pavilion,,United Kingdom,,,1
INV100774,1526,02/23/2022,Redmi Note 12,Mobiles,Germany,1,,2
INV100775,1523,2022-08-24T00:00:00.000000000,Samsung Galaxy S21,Laptops,United Kingdom,1,99.99,2
INV100776,1612,2023-01-24T00:00:00.000000000,HP Pavilion,Laptops,Germany,1,299.49,4
INV100777,1155,2023-02-05T00:00:00.000000000,iPhone 13,,Germany,2,1499.99,5
INV100778,1339,09/16/2023,Sony Headphones,Smart Home,,4,499.95,5
INV100779,1124,2022-10-30T00:00:00.000000000,Sony Headphones,Smart Home,,3,99.99,4
INV100780,1870,2022-07-26T00:00:00.000000000,Fire TV Stick,,,,,4
INV100781,1279,2022-08-17T00:00:00.000000000,Sony Headphones,,Canada,2,99.99,1
INV100782,1916,08/01/2023,Fire TV Stick,Mobiles,,3,1099.0,4
INV100783,1905,03/16/2022,iPhone 13,,Australia,,1499.99,2
INV100784,1621,2023-03-11T00:00:00.000000000,OnePlus Nord,Smart Home,India,,,3
INV100785,1845,04/13/2022,Sony Headphones,,India,4,499.95,2
INV100786,1868,2023-02-26T00:00:00.000000000,Echo Dot,Mobiles,Germany,,,4
INV100787,1657,2023-12-05T00:00:00.000000000,MacBook Air,Mobiles,India,1,1499.99,5
INV100788,1727,2022-11-02T00:00:00.000000000,Samsung Galaxy S21,Mobiles,United States,3,499.95,2
INV100789,1909,2022-04-08T00:00:00.000000000,Sony Headphones,Mobiles,Germany,2,1499.99,5
INV100790,1673,2022-12-01T00:00:00.000000000,Fire TV Stick,Accessories,India,3,499.95,2
INV100791,1127,2023-03-11T00:00:00.000000000,iPhone 13,,United States,,299.49,5
INV100792,1313,2023-03-23T00:00:00.000000000,Sony Headphones,Laptops,Canada,1,299.49,
INV100793,1331,2022-11-04T00:00:00.000000000,HP Pavilion,,India,3,99.99,2
INV100794,1149,09/06/2022,Sony Headphones,Accessories,United States,,99.99,5
INV100795,1453,06/15/2022,Fire TV Stick,Mobiles,United Kingdom,2,499.95,3
INV100796,1035,2023-04-26T00:00:00.000000000,Redmi Note 12,Accessories,Australia,4,,1
,1684,12/01/2022,Redmi Note 12,Smart Home,United Kingdom,,1099.0,2
INV100798,1419,06/26/2023,Sony Headphones,Smart Home,United States,2,1099.0,3
INV100799,1021,04/16/2022,Samsung Galaxy S21,,Germany,1,,1
INV100800,1205,2023-07-17T00:00:00.000000000,iPhone 13,,,,,2
INV100801,1638,2022-03-22T00:00:00.000000000,Echo Dot,Laptops,,2,299.49,3
INV100802,1847,2022-05-13T00:00:00.000000000,Echo Dot,Laptops,,2,1099.0,3
INV100803,1956,2022-05-18T00:00:00.000000000,Sony Headphones,Smart Home,Germany,2,499.95,
INV100804,1355,2022-07-03T00:00:00.000000000,Sony Headphones,Mobiles,India,2,1499.99,3
INV100805,1439,02/05/2023,Redmi Note 12,Accessories,,,99.99,
INV100806,1728,2022-11-26T00:00:00.000000000,Fire TV Stick,Laptops,United Kingdom,1,1499.99,4
INV100807,1095,05/23/2023,Samsung Galaxy S21,Laptops,Germany,,299.49,5
INV100808,1928,2022-03-10T00:00:00.000000000,Sony Headphones,Mobiles,Germany,3,1099.0,1
INV100809,1940,2023-06-30T00:00:00.000000000,Echo Dot,Mobiles,,4,,5
INV100810,1163,02/22/2022,iPhone 13,,United Kingdom,3,1099.0,5
INV100811,1147,03/26/2023,OnePlus Nord,Accessories,Canada,3,499.95,
INV100812,1529,07/24/2022,HP Pavilion,Mobiles,Germany,4,299.49,5
INV100813,1293,05/06/2022,Sony Headphones,Laptops,,,,3
INV100814,1194,02/12/2022,Fire TV Stick,Laptops,Australia,1,1499.99,
INV100815,1662,2022-04-21T00:00:00.000000000,Sony Headphones,Smart Home,United States,4,499.95,5
INV100816,1479,2023-10-25T00:00:00.000000000,Fire TV Stick,Mobiles,India,1,1499.99,
INV100817,1876,2022-07-02T00:00:00.000000000,Samsung Galaxy S21,,Germany,,99.99,4
INV100818,1122,2022-04-05T00:00:00.000000000,OnePlus Nord,Accessories,Australia,3,299.49,
INV100819,1399,2023-01-09T00:00:00.000000000,MacBook Air,,Australia,1,499.95,2
INV100820,,2023-06-04T00:00:00.000000000,iPhone 13,Laptops,Germany,,499.95,3
INV100821,1964,12/26/2022,iPhone 13,,Canada,,1499.99,1
INV100822,1451,2023-11-27T00:00:00.000000000,Fire TV Stick,Laptops,United States,,,2
,1660,10/08/2022,Redmi Note 12,Laptops,India,4,99.99,2
INV100824,1103,2022-07-14T00:00:00.000000000,Fire TV Stick,Laptops,Germany,,1499.99,2
INV100825,,2022-07-14T00:00:00.000000000,Redmi Note 12,Laptops,India,3,499.95,5
INV100826,1461,2023-10-29T00:00:00.000000000,Apple Watch,Laptops,United Kingdom,4,299.49,
INV100827,1742,04/03/2022,Echo Dot,Smart Home,Australia,3,499.95,
,1990,2023-11-03T00:00:00.000000000,iPhone 13,,Australia,,1099.0,5
INV100829,1717,2022-03-02T00:00:00.000000000,Samsung Galaxy S21,Smart Home,Germany,,299.49,3
INV100830,1709,09/26/2023,Fire TV Stick,Smart Home,Germany,3,299.49,5
INV100831,1395,02/20/2022,Samsung Galaxy S21,Mobiles,United Kingdom,4,499.95,5
INV100832,1911,2023-02-07T00:00:00.000000000,OnePlus Nord,Mobiles,Canada,4,,5
INV100833,1336,01/05/2022,Samsung Galaxy S21,Mobiles,Germany,3,299.49,3
INV100834,1598,2023-04-11T00:00:00.000000000,Sony Headphones,Accessories,Australia,4,1099.0,3
INV100835,1141,08/27/2023,Echo Dot,Mobiles,India,,1499.99,4
INV100836,1316,11/13/2023,Sony Headphones,,United States,,,4
INV100837,1710,2023-06-18T00:00:00.000000000,HP Pavilion,Smart Home,,4,,4
INV100838,1557,02/09/2023,Fire TV Stick,,India,3,,4
INV100839,1799,2023-05-28T00:00:00.000000000,iPhone 13,Mobiles,Canada,,299.49,
INV100840,1526,10/07/2023,Fire TV Stick,Accessories,United States,4,,2
INV100841,1555,08/21/2022,Echo Dot,Accessories,India,4,499.95,2
INV100842,1400,2023-06-08T00:00:00.000000000,MacBook Air,Smart Home,India,4,,4
INV100843,1680,2022-12-12T00:00:00.000000000,MacBook Air,,United Kingdom,4,1099.0,4
INV100844,1309,2022-02-15T00:00:00.000000000,HP Pavilion,Laptops,,3,99.99,1
,1494,2023-06-30T00:00:00.000000000,Echo Dot,,Canada,,1099.0,2
INV100846,,2022-03-19T00:00:00.000000000,Apple Watch,Mobiles,Australia,,299.49,1
INV100847,1609,12/31/2023,Apple Watch,Laptops,United Kingdom,1,,1
INV100848,1772,03/14/2022,Apple Watch,Accessories,United States,4,,5
INV100849,1108,2022-09-06T00:00:00.000000000,iPhone 13,Smart Home,,4,499.95,
INV100850,1794,2022-02-16T00:00:00.000000000,iPhone 13,Smart Home,Australia,1,1499.99,3
INV100851,1371,2022-05-01T00:00:00.000000000,Apple Watch,Accessories,United Kingdom,,,2
INV100852,1854,08/02/2022,MacBook Air,Mobiles,,2,1099.0,4
INV100853,1615,08/27/2022,Echo Dot,Accessories,Canada,,299.49,4
INV100854,1767,2022-02-25T00:00:00.000000000,Samsung Galaxy S21,Mobiles,Germany,2,99.99,3
INV100855,1890,2022-12-16T00:00:00.000000000,Echo Dot,Laptops,Germany,,,2
INV100856,1205,2022-04-17T00:00:00.000000000,Apple Watch,Accessories,United States,4,99.99,4
INV100857,1846,2022-02-17T00:00:00.000000000,Echo Dot,Mobiles,Germany,2,,4
INV100858,1042,2023-07-27T00:00:00.000000000,OnePlus Nord,Laptops,United Kingdom,3,299.49,5
INV100859,1864,12/03/2022,iPhone 13,Accessories,United States,3,1499.99,1
INV100860,1244,01/26/2022,iPhone 13,Smart Home,Australia,1,1099.0,4
INV100861,,09/14/2022,MacBook Air,Accessories,Canada,,299.49,
INV100862,1354,01/08/2022,Samsung Galaxy S21,,United States,,99.99,2
INV100863,1784,2023-09-17T00:00:00.000000000,Apple Watch,Accessories,Australia,2,,
INV100864,1475,09/10/2022,Fire TV Stick,,United States,4,99.99,3
INV100865,1082,2023-11-23T00:00:00.000000000,MacBook Air,Laptops,India,,1099.0,5
INV100866,,12/20/2023,MacBook Air,Accessories,India,2,299.49,2
INV100867,1949,10/30/2022,Samsung Galaxy S21,Laptops,United States,2,99.99,5
INV100868,1189,10/01/2023,Sony Headphones,Laptops,,,99.99,1
INV100869,1982,02/25/2022,Apple Watch,Mobiles,Germany,,1099.0,4
INV100870,1799,2023-12-27T00:00:00.000000000,Fire TV Stick,Laptops,India,,,2
INV100871,1935,06/10/2023,iPhone 13,Laptops,,2,99.99,3
INV100872,1908,2023-04-19T00:00:00.000000000,Samsung Galaxy S21,Accessories,,1,1099.0,1
INV100873,1250,01/28/2022,Fire TV Stick,Accessories,Canada,1,,1
INV100874,1723,03/19/2022,OnePlus Nord,Smart Home,Australia,,1499.99,5
INV100875,1290,08/04/2022,MacBook Air,Mobiles,United Kingdom,,,1
INV100876,1644,2023-01-21T00:00:00.000000000,Samsung Galaxy S21,Laptops,India,4,1499.99,2
INV100877,1200,2022-12-31T00:00:00.000000000,iPhone 13,Mobiles,United States,1,299.49,5
INV100878,1796,10/28/2023,Echo Dot,,Germany,1,1099.0,1
INV100879,1325,06/10/2023,iPhone 13,Laptops,United Kingdom,,,3
INV100880,1510,2023-11-30T00:00:00.000000000,OnePlus Nord,Mobiles,Australia,,1499.99,
INV100881,1408,11/08/2022,Samsung Galaxy S21,Smart Home,,,1499.99,2
INV100882,1606,01/07/2022,OnePlus Nord,Smart Home,Australia,,299.49,3
INV100883,1789,2022-01-03T00:00:00.000000000,Apple Watch,Laptops,India,3,499.95,3
INV100884,1961,2023-09-15T00:00:00.000000000,Apple Watch,,Australia,2,1099.0,5
INV100885,1940,12/29/2022,Echo Dot,Smart Home,Australia,1,499.95,4
INV100886,1836,2023-05-23T00:00:00.000000000,MacBook Air,Smart Home,Germany,3,,5
INV100887,1507,2022-10-01T00:00:00.000000000,Sony Headphones,,,4,1099.0,2
INV100888,1730,05/21/2023,Redmi Note 12,Mobiles,Germany,3,299.49,2
INV100889,1600,2022-01-15T00:00:00.000000000,Fire TV Stick,Smart Home,Germany,,,5
INV100890,1071,2022-07-11T00:00:00.000000000,OnePlus Nord,Accessories,United States,4,1099.0,4
INV100891,1246,09/23/2023,Fire TV Stick,Smart Home,Australia,4,1099.0,5
INV100892,1640,04/30/2023,Echo Dot,Mobiles,Australia,,499.95,2
INV100893,1723,01/28/2022,Fire TV Stick,Mobiles,Australia,3,,4
INV100894,1939,2023-12-15T00:00:00.000000000,Fire TV Stick,Laptops,Canada,,299.49,2
INV100895,1854,02/08/2022,iPhone 13,Accessories,Germany,1,299.49,4
INV100896,1607,2022-09-30T00:00:00.000000000,Samsung Galaxy S21,Mobiles,United Kingdom,,,4
INV100897,1586,2022-08-19T00:00:00.000000000,MacBook Air,,India,3,,5
INV100898,1934,03/27/2022,Redmi Note 12,Accessories,,1,1499.99,5
INV100899,1565,2023-04-19T00:00:00.000000000,Samsung Galaxy S21,Accessories,United Kingdom,3,99.99,5
INV100900,1343,05/06/2022,iPhone 13,,,,499.95,4
INV100901,1970,2023-06-21T00:00:00.000000000,Fire TV Stick,Smart Home,United States,1,,4
INV100902,1924,2022-05-25T00:00:00.000000000,Redmi Note 12,,United States,,,2
INV100903,1053,06/09/2023,iPhone 13,,,3,99.99,3
INV100904,1729,07/31/2022,iPhone 13,Smart Home,Australia,4,99.99,5
INV100905,1527,01/25/2022,iPhone 13,Smart Home,United Kingdom,2,1099.0,
INV100906,1610,08/03/2023,Apple Watch,Smart Home,Australia,4,299.49,2
INV100907,1531,01/29/2023,Redmi Note 12,Smart Home,Canada,,499.95,2
INV100908,1557,03/08/2022,iPhone 13,Smart Home,United States,,1099.0,1
INV100909,1962,2022-08-21T00:00:00.000000000,Sony Headphones,,United States,,,5
INV100910,1192,04/19/2022,Fire TV Stick,Laptops,United Kingdom,1,99.99,2
INV100911,,05/26/2022,Redmi Note 12,Laptops,United States,,1499.99,1
INV100912,1057,2022-04-21T00:00:00.000000000,Apple Watch,Mobiles,Canada,,299.49,
INV100913,1436,08/16/2022,OnePlus Nord,Laptops,Canada,4,1099.0,
INV100914,1110,2022-04-21T00:00:00.000000000,OnePlus Nord,Laptops,Canada,2,1499.99,5
INV100915,1128,2023-04-15T00:00:00.000000000,MacBook Air,,India,,299.49,4
INV100916,1848,2022-02-03T00:00:00.000000000,HP Pavilion,Smart Home,Canada,,1499.99,1
INV100917,1705,09/15/2023,Sony Headphones,Smart Home,Canada,,99.99,4
INV100918,1924,01/04/2023,OnePlus Nord,,India,1,1099.0,
INV100919,1851,08/18/2023,Apple Watch,Laptops,Australia,,1099.0,
INV100920,1325,2023-07-08T00:00:00.000000000,HP Pavilion,,Germany,4,299.49,3
INV100921,1007,03/01/2023,iPhone 13,Mobiles,United States,3,1499.99,3
INV100922,1028,09/05/2023,iPhone 13,Smart Home,Canada,,99.99,3
INV100923,1111,2023-06-02T00:00:00.000000000,Echo Dot,Accessories,United States,,,3
INV100924,1946,11/23/2023,Fire TV Stick,Mobiles,United Kingdom,1,1099.0,2
INV100925,1672,10/09/2022,HP Pavilion,Mobiles,United States,4,,3
INV100926,1130,11/16/2022,Fire TV Stick,,,,99.99,2
INV100927,1187,2023-03-19T00:00:00.000000000,Apple Watch,Laptops,Australia,1,1099.0,2
INV100928,1674,11/11/2022,Sony Headphones,Smart Home,India,3,1099.0,5
INV100929,1708,2023-01-12T00:00:00.000000000,HP Pavilion,Accessories,United States,2,1499.99,2
INV100930,1474,2022-10-16T00:00:00.000000000,OnePlus Nord,Mobiles,United States,,,2
INV100931,1363,03/13/2023,Sony Headphones,Accessories,United States,4,1499.99,3
INV100932,1203,2023-10-24T00:00:00.000000000,Echo Dot,Laptops,Germany,1,499.95,2
INV100933,,10/04/2022,Fire TV Stick,Laptops,Germany,1,,4
INV100934,1620,12/11/2023,Fire TV Stick,Accessories,United Kingdom,,,3
INV100935,1275,2023-08-05T00:00:00.000000000,Sony Headphones,Smart Home,India,1,499.95,1
INV100936,1072,2023-05-18T00:00:00.000000000,iPhone 13,Laptops,United States,2,99.99,3
INV100937,1678,2023-09-16T00:00:00.000000000,Fire TV Stick,Accessories,United States,1,99.99,2
INV100938,1771,2023-05-31T00:00:00.000000000,Echo Dot,Mobiles,United States,,1099.0,4
INV100939,1242,12/16/2022,OnePlus Nord,Accessories,United States,,299.49,3
INV100940,1786,03/22/2023,Redmi Note 12,Accessories,Germany,1,1499.99,4
INV100941,1101,12/16/2022,OnePlus Nord,,Australia,,299.49,1
INV100942,1986,08/30/2023,OnePlus Nord,Laptops,Australia,,1099.0,
,1684,10/26/2023,Fire TV Stick,Smart Home,United Kingdom,4,299.49,1
INV100944,1170,05/17/2022,Samsung Galaxy S21,Smart Home,,,,
INV100945,1652,08/31/2022,iPhone 13,,Canada,1,,5
INV100946,,06/27/2023,Fire TV Stick,Smart Home,India,,499.95,
INV100947,1187,2022-02-09T00:00:00.000000000,iPhone 13,Accessories,Australia,3,499.95,5
INV100948,1440,2022-08-17T00:00:00.000000000,Apple Watch,,,,1099.0,3
INV100949,1085,07/02/2023,Samsung Galaxy S21,Mobiles,United States,,1099.0,5
INV100950,1475,2022-08-11T00:00:00.000000000,Fire TV Stick,Laptops,Australia,,1099.0,4
INV100951,1051,2022-01-06T00:00:00.000000000,MacBook Air,Laptops,United Kingdom,4,,5
INV100952,1110,11/18/2022,OnePlus Nord,Laptops,Canada,2,299.49,4
INV100953,1948,2023-04-13T00:00:00.000000000,Apple Watch,Accessories,Australia,1,1499.99,
INV100954,1876,2022-03-16T00:00:00.000000000,Samsung Galaxy S21,Mobiles,United Kingdom,2,1099.0,
INV100955,1853,2022-01-04T00:00:00.000000000,Fire TV Stick,,Germany,3,1099.0,
INV100956,1042,10/08/2023,Echo Dot,,Canada,2,,5
INV100957,1210,2022-04-28T00:00:00.000000000,Sony Headphones,Laptops,United Kingdom,1,1499.99,
INV100958,1967,08/29/2023,Sony Headphones,Mobiles,,1,,5
INV100959,1199,2023-05-19T00:00:00.000000000,iPhone 13,Mobiles,Australia,3,1499.99,5
INV100960,1809,2023-07-28T00:00:00.000000000,Samsung Galaxy S21,Mobiles,Germany,1,,2
INV100961,1857,2023-03-17T00:00:00.000000000,OnePlus Nord,Smart Home,,3,299.49,2
INV100962,1751,2022-07-13T00:00:00.000000000,OnePlus Nord,Smart Home,United Kingdom,3,1099.0,5
INV100963,1626,2023-12-16T00:00:00.000000000,Redmi Note 12,Laptops,United Kingdom,1,99.99,4
INV100964,1025,01/27/2023,Sony Headphones,Mobiles,,,99.99,3
INV100965,1918,01/26/2022,Apple Watch,Mobiles,Australia,3,1099.0,1
INV100966,1298,2023-03-11T00:00:00.000000000,Samsung Galaxy S21,,Canada,1,1099.0,2
INV100967,1076,06/22/2022,OnePlus Nord,,Germany,,1099.0,5
INV100968,1923,10/27/2022,Redmi Note 12,Laptops,United States,3,1099.0,1
INV100969,1136,10/07/2023,Samsung Galaxy S21,Mobiles,India,,1499.99,2
INV100970,1019,11/22/2022,HP Pavilion,Laptops,Canada,4,299.49,3
INV100971,1439,2023-02-14T00:00:00.000000000,OnePlus Nord,,Germany,,99.99,4
INV100972,1210,2022-04-28T00:00:00.000000000,HP Pavilion,,,4,499.95,5
INV100973,1751,2023-12-25T00:00:00.000000000,Samsung Galaxy S21,Smart Home,United Kingdom,,99.99,3
INV100974,1550,2022-08-13T00:00:00.000000000,OnePlus Nord,Laptops,,3,99.99,2
INV100975,1434,06/16/2023,HP Pavilion,Laptops,Germany,1,,5
INV100976,1779,04/23/2022,MacBook Air,Mobiles,,2,1099.0,1
INV100977,1206,2022-05-20T00:00:00.000000000,Redmi Note 12,Mobiles,,1,1099.0,
INV100978,1990,07/13/2023,Apple Watch,Smart Home,India,2,1099.0,4
INV100979,1438,2022-01-01T00:00:00.000000000,Sony Headphones,Accessories,Australia,2,,2
INV100980,1973,2022-03-31T00:00:00.000000000,Redmi Note 12,Accessories,India,3,299.49,4
INV100981,1778,10/16/2023,HP Pavilion,Accessories,United States,,299.49,5
INV100982,1665,2022-11-16T00:00:00.000000000,OnePlus Nord,Laptops,United States,1,499.95,
INV100983,1041,2023-07-04T00:00:00.000000000,MacBook Air,Laptops,India,,299.49,3
INV100984,1410,2022-05-19T00:00:00.000000000,MacBook Air,,Canada,4,299.49,4
INV100985,1522,05/26/2023,Sony Headphones,Laptops,Canada,3,1099.0,1
INV100986,1805,09/16/2022,MacBook Air,Laptops,,3,1499.99,2
INV100987,1609,2023-11-04T00:00:00.000000000,Redmi Note 12,Laptops,,4,99.99,1
INV100988,,11/21/2023,Fire TV Stick,Smart Home,United Kingdom,1,299.49,4
INV100989,1274,01/10/2022,MacBook Air,Laptops,United States,,299.49,
INV100990,1447,2022-09-18T00:00:00.000000000,Sony Headphones,Mobiles,United Kingdom,4,,3
INV100991,1901,10/12/2023,MacBook Air,Mobiles,United States,1,499.95,3
INV100992,1941,2022-06-21T00:00:00.000000000,MacBook Air,,India,2,1499.99,1
INV100993,1883,2022-01-13T00:00:00.000000000,Echo Dot,Smart Home,Canada,3,,5
INV100994,1741,2022-06-17T00:00:00.000000000,Redmi Note 12,Mobiles,,1,1099.0,5
INV100995,1368,10/04/2023,HP Pavilion,Smart Home,Canada,,99.99,
INV100996,1937,2023-08-19T00:00:00.000000000,iPhone 13,Smart Home,India,,499.95,3
INV100997,1219,11/17/2022,Fire TV Stick,,United Kingdom,3,,1
INV100998,1576,11/15/2022,MacBook Air,Smart Home,United Kingdom,4,299.49,1
INV100999,1866,2023-09-05T00:00:00.000000000,Apple Watch,Laptops,Germany,,299.49,1
